base_id	WGS_ID	RNA_ID	IBS
BTx645	BTx645	2:BTx645	0.9719702
PI152651	PI152651	2:PI152651	0.9289917
PI153844	PI153844	2:PI153844	0.9448134
PI153846	PI153846	2:PI153846	0.9436842
PI22326	PI22326	2:PI22326	0.9444
PI24969	PI24969	2:PI24969	0.9222019
PI276837	PI276837	2:PI276837	0.879738
PI34911	PI34911	2:PI34911	0.9357133
PI48770	PI48770	2:PI48770	0.662897
PI533745	PI533745	2:PI533745	0.9354708
PI533746	PI533746	2:PI533746	0.907027
PI533747	PI533747	2:PI533747	0.9321809
PI533749	PI533749	2:PI533749	0.9399066
PI533750	PI533750	2:PI533750	0.772031
PI533751	PI533751	2:PI533751	0.856076
PI533752	PI533752	2:PI533752	0.938611
PI533753	PI533753	2:PI533753	0.936879
PI533754	PI533754	2:PI533754	0.9318602
PI533755	PI533755	2:PI533755	0.699605
PI533756	PI533756	2:PI533756	0.9582754
PI533757	PI533757	2:PI533757	0.934039
PI533758	PI533758	2:PI533758	0.9158585
PI533759	PI533759	2:PI533759	0.9438135
PI533760	PI533760	2:PI533760	0.9411313
PI533761	PI533761	2:PI533761	0.916844
PI533762	PI533762	2:PI533762	0.9382815
PI533763	PI533763	2:PI533763	0.745001
PI533764	PI533764	2:PI533764	0.9237742
PI533765	PI533765	2:PI533765	0.9205316
PI533766	PI533766	2:PI533766	0.9378357
PI533769	PI533769	2:PI533769	0.9402823
PI533770	PI533770	2:PI533770	0.9206758
PI533771	PI533771	2:PI533771	0.9373123
PI533772	PI533772	2:PI533772	0.719466
PI533774	PI533774	2:PI533774	0.9369158
PI533775	PI533775	2:PI533775	0.655644
PI533776	PI533776	2:PI533776	0.9374598
PI533777	PI533777	2:PI533777	0.9365178
PI533778	PI533778	2:PI533778	0.9383001
PI533779	PI533779	2:PI533779	0.634863
PI533780	PI533780	2:PI533780	0.660128
PI533781	PI533781	2:PI533781	0.716275
PI533783	PI533783	2:PI533783	0.926424
PI533784	PI533784	2:PI533784	0.9353213
PI533785	PI533785	2:PI533785	0.9295211
PI533786	PI533786	2:PI533786	0.9129996
PI533787	PI533787	2:PI533787	0.718309
PI533788	PI533788	2:PI533788	0.652371
PI533789	PI533789	2:PI533789	0.9503097
PI533790	PI533790	2:PI533790	0.9023573
PI533791	PI533791	2:PI533791	0.9189858
PI533792	PI533792	2:PI533792	0.9094153
PI533793	PI533793	2:PI533793	0.936954
PI533794	PI533794	2:PI533794	0.9446936
PI533795	PI533795	2:PI533795	0.9115027
PI533797	PI533797	2:PI533797	0.9146585
PI533798	PI533798	2:PI533798	0.946122
PI533799	PI533799	2:PI533799	0.9368314
PI533800	PI533800	2:PI533800	0.9470883
PI533802	PI533802	2:PI533802	0.9546336
PI533803	PI533803	2:PI533803	0.9395152
PI533804	PI533804	2:PI533804	0.9487306
PI533807	PI533807	2:PI533807	0.9298791
PI533808	PI533808	2:PI533808	0.9147068
PI533809	PI533809	2:PI533809	0.9333368
PI533810	PI533810	2:PI533810	0.9226605
PI533811	PI533811	2:PI533811	0.9345621
PI533812	PI533812	2:PI533812	0.9165522
PI533813	PI533813	2:PI533813	0.9417736
PI533814	PI533814	2:PI533814	0.9314179
PI533818	PI533818	2:PI533818	0.9276806
PI533819	PI533819	2:PI533819	0.890482
PI533821	PI533821	2:PI533821	0.9398784
PI533822	PI533822	2:PI533822	0.9509726
PI533823	PI533823	2:PI533823	0.9441631
PI533824	PI533824	2:PI533824	0.9073259
PI533825	PI533825	2:PI533825	0.9333666
PI533828	PI533828	2:PI533828	0.9167072
PI533829	PI533829	2:PI533829	0.9124212
PI533830	PI533830	2:PI533830	0.82991
PI533831	PI533831	2:PI533831	0.9468685
PI533833	PI533833	2:PI533833	0.889883
PI533835	PI533835	2:PI533835	0.9224858
PI533836	PI533836	2:PI533836	0.9250642
PI533837	PI533837	2:PI533837	0.9082247
PI533838	PI533838	2:PI533838	0.946393
PI533840	PI533840	2:PI533840	0.9265671
PI533841	PI533841	2:PI533841	0.751086
PI533842	PI533842	2:PI533842	0.9218641
PI533843	PI533843	2:PI533843	0.768972
PI533844	PI533844	2:PI533844	0.9404399
PI533846	PI533846	2:PI533846	0.9244796
PI533847	PI533847	2:PI533847	0.9449611
PI533848	PI533848	2:PI533848	0.9389067
PI533850	PI533850	2:PI533850	0.9435394
PI533851	PI533851	2:PI533851	0.9336921
PI533852	PI533852	2:PI533852	0.9357283
PI533853	PI533853	2:PI533853	0.9298944
PI533854	PI533854	2:PI533854	0.734548
PI533855	PI533855	2:PI533855	0.9227435
PI533857	PI533857	2:PI533857	0.9312366
PI533859	PI533859	2:PI533859	0.858598
PI533860	PI533860	2:PI533860	0.9175536
PI533861	PI533861	2:PI533861	0.9376877
PI533862	PI533862	2:PI533862	0.629928
PI533863	PI533863	2:PI533863	0.846412
PI533864	PI533864	2:PI533864	0.9305524
PI533866	PI533866	2:PI533866	0.732209
PI533867	PI533867	2:PI533867	0.935448
PI533869	PI533869	2:PI533869	0.9260835
PI533870	PI533870	2:PI533870	0.9174456
PI533871	PI533871	2:PI533871	0.9163541
PI533872	PI533872	2:PI533872	0.9427886
PI533873	PI533873	2:PI533873	0.9408341
PI533874	PI533874	2:PI533874	0.9229331
PI533876	PI533876	2:PI533876	0.650886
PI533877	PI533877	2:PI533877	0.9288302
PI533878	PI533878	2:PI533878	0.9371893
PI533880	PI533880	2:PI533880	0.9042826
PI533881	PI533881	2:PI533881	0.9294466
PI533882	PI533882	2:PI533882	0.88146
PI533884	PI533884	2:PI533884	0.9306175
PI533885	PI533885	2:PI533885	0.9401112
PI533887	PI533887	2:PI533887	0.9300973
PI533888	PI533888	2:PI533888	0.9303284
PI533893	PI533893	2:PI533893	0.9448733
PI533894	PI533894	2:PI533894	0.9334521
PI533897	PI533897	2:PI533897	0.9405539
PI533898	PI533898	2:PI533898	0.9327091
PI533899	PI533899	2:PI533899	0.9284807
PI533900	PI533900	2:PI533900	0.9395176
PI533901	PI533901	2:PI533901	0.9301124
PI533903	PI533903	2:PI533903	0.9300106
PI533904	PI533904	2:PI533904	0.9185362
PI533906	PI533906	2:PI533906	0.9269709
PI533907	PI533907	2:PI533907	0.9099269
PI533908	PI533908	2:PI533908	0.9409241
PI533909	PI533909	2:PI533909	0.9439064
PI533910	PI533910	2:PI533910	0.784877
PI533911	PI533911	2:PI533911	0.9195863
PI533912	PI533912	2:PI533912	0.9235046
PI533913	PI533913	2:PI533913	0.93978
PI533914	PI533914	2:PI533914	0.9489003
PI533915	PI533915	2:PI533915	0.9290481
PI533916	PI533916	2:PI533916	0.883475
PI533917	PI533917	2:PI533917	0.9169808
PI533918	PI533918	2:PI533918	0.9459102
PI533919	PI533919	2:PI533919	0.9274636
PI533920	PI533920	2:PI533920	0.9336808
PI533921	PI533921	2:PI533921	0.9288859
PI533922	PI533922	2:PI533922	0.9198464
PI533923	PI533923	2:PI533923	0.942095
PI533924	PI533924	2:PI533924	0.9180155
PI533925	PI533925	2:PI533925	0.9356967
PI533926	PI533926	2:PI533926	0.639841
PI533928	PI533928	2:PI533928	0.9483944
PI533929	PI533929	2:PI533929	0.9312892
PI533930	PI533930	2:PI533930	0.9493121
PI533931	PI533931	2:PI533931	0.9328418
PI533934	PI533934	2:PI533934	0.9118987
PI533935	PI533935	2:PI533935	0.9263306
PI533936	PI533936	2:PI533936	0.9494837
PI533937	PI533937	2:PI533937	0.9471203
PI533938	PI533938	2:PI533938	0.781095
PI533939	PI533939	2:PI533939	0.711517
PI533940	PI533940	2:PI533940	0.9409086
PI533941	PI533941	2:PI533941	0.9210874
PI533942	PI533942	2:PI533942	0.9225081
PI533943	PI533943	2:PI533943	0.656658
PI533944	PI533944	2:PI533944	0.897115
PI533946	PI533946	2:PI533946	0.9307688
PI533947	PI533947	2:PI533947	0.9425868
PI533948	PI533948	2:PI533948	0.638135
PI533949	PI533949	2:PI533949	0.9492069
PI533950	PI533950	2:PI533950	0.9259323
PI533952	PI533952	2:PI533952	0.726198
PI533953	PI533953	2:PI533953	0.9517655
PI533955	PI533955	2:PI533955	0.9507291
PI533956	PI533956	2:PI533956	0.9275646
PI533957	PI533957	2:PI533957	0.9307818
PI533958	PI533958	2:PI533958	0.9323583
PI533960	PI533960	2:PI533960	0.899357
PI533961	PI533961	2:PI533961	0.701514
PI533962	PI533962	2:PI533962	0.9398518
PI533963	PI533963	2:PI533963	0.693653
PI533964	PI533964	2:PI533964	0.9047517
PI533965	PI533965	2:PI533965	0.925291
PI533966	PI533966	2:PI533966	0.9490077
PI533967	PI533967	2:PI533967	0.9327432
PI533968	PI533968	2:PI533968	0.9435583
PI533969	PI533969	2:PI533969	0.9462548
PI533970	PI533970	2:PI533970	0.9365818
PI533971	PI533971	2:PI533971	0.9218199
PI533974	PI533974	2:PI533974	0.940402
PI533975	PI533975	2:PI533975	0.9438628
PI533976	PI533976	2:PI533976	0.9296873
PI533977	PI533977	2:PI533977	0.9383684
PI533978	PI533978	2:PI533978	0.9414921
PI533979	PI533979	2:PI533979	0.9544175
PI533980	PI533980	2:PI533980	0.887697
PI533981	PI533981	2:PI533981	0.9484925
PI533982	PI533982	2:PI533982	0.9533502
PI533983	PI533983	2:PI533983	0.9487374
PI533984	PI533984	2:PI533984	0.9453719
PI533985	PI533985	2:PI533985	0.9173927
PI533986	PI533986	2:PI533986	0.9421281
PI533987	PI533987	2:PI533987	0.940518
PI533988	PI533988	2:PI533988	0.9545401
PI533989	PI533989	2:PI533989	0.9397086
PI533990	PI533990	2:PI533990	0.9359468
PI533991	PI533991	2:PI533991	0.9307895
PI533992	PI533992	2:PI533992	0.9317566
PI533993	PI533993	2:PI533993	0.9492726
PI533994	PI533994	2:PI533994	0.9079933
PI533995	PI533995	2:PI533995	0.9415622
PI533996	PI533996	2:PI533996	0.680055
PI533997	PI533997	2:PI533997	0.9371931
PI533999	PI533999	2:PI533999	0.9302415
PI534001	PI534001	2:PI534001	0.9483828
PI534002	PI534002	2:PI534002	0.9461132
PI534004	PI534004	2:PI534004	0.927696
PI534005	PI534005	2:PI534005	0.9246657
PI534006	PI534006	2:PI534006	0.9413159
PI534007	PI534007	2:PI534007	0.9267079
PI534008	PI534008	2:PI534008	0.9430865
PI534009	PI534009	2:PI534009	0.86939
PI534010	PI534010	2:PI534010	0.9260374
PI534011	PI534011	2:PI534011	0.94133
PI534013	PI534013	2:PI534013	0.9489388
PI534014	PI534014	2:PI534014	0.925202
PI534015	PI534015	2:PI534015	0.9318288
PI534016	PI534016	2:PI534016	0.9432246
PI534017	PI534017	2:PI534017	0.9299084
PI534019	PI534019	2:PI534019	0.9335952
PI534020	PI534020	2:PI534020	0.896371
PI534024	PI534024	2:PI534024	0.851033
PI534025	PI534025	2:PI534025	0.9491019
PI534028	PI534028	2:PI534028	0.9369842
PI534030	PI534030	2:PI534030	0.924702
PI534032	PI534032	2:PI534032	0.9440733
PI534035	PI534035	2:PI534035	0.9118326
PI534036	PI534036	2:PI534036	0.87975
PI534037	PI534037	2:PI534037	0.9351501
PI534038	PI534038	2:PI534038	0.931799
PI534040	PI534040	2:PI534040	0.9480277
PI534043	PI534043	2:PI534043	0.9509633
PI534045	PI534045	2:PI534045	0.9287165
PI534046	PI534046	2:PI534046	0.9263186
PI534047	PI534047	2:PI534047	0.9321316
PI534049	PI534049	2:PI534049	0.9363951
PI534050	PI534050	2:PI534050	0.93668
PI534051	PI534051	2:PI534051	0.9460438
PI534053	PI534053	2:PI534053	0.9395035
PI534054	PI534054	2:PI534054	0.9460698
PI534055	PI534055	2:PI534055	0.898211
PI534057	PI534057	2:PI534057	0.890998
PI534058	PI534058	2:PI534058	0.9255858
PI534059	PI534059	2:PI534059	0.9340894
PI534060	PI534060	2:PI534060	0.9474446
PI534062	PI534062	2:PI534062	0.887204
PI534065	PI534065	2:PI534065	0.9136513
PI534066	PI534066	2:PI534066	0.9491274
PI534067	PI534067	2:PI534067	0.9140857
PI534069	PI534069	2:PI534069	0.9270749
PI534070	PI534070	2:PI534070	0.9186215
PI534072	PI534072	2:PI534072	0.9425838
PI534073	PI534073	2:PI534073	0.9039468
PI534074	PI534074	2:PI534074	0.931723
PI534075	PI534075	2:PI534075	0.641117
PI534076	PI534076	2:PI534076	0.9322777
PI534077	PI534077	2:PI534077	0.9334739
PI534078	PI534078	2:PI534078	0.9040003
PI534080	PI534080	2:PI534080	0.9411871
PI534081	PI534081	2:PI534081	0.9378194
PI534082	PI534082	2:PI534082	0.9137786
PI534083	PI534083	2:PI534083	0.9433047
PI534084	PI534084	2:PI534084	0.899639
PI534085	PI534085	2:PI534085	0.9446692
PI534087	PI534087	2:PI534087	0.868713
PI534088	PI534088	2:PI534088	0.672437
PI534089	PI534089	2:PI534089	0.936667
PI534090	PI534090	2:PI534090	0.932886
PI534091	PI534091	2:PI534091	0.9346046
PI534092	PI534092	2:PI534092	0.902724
PI534094	PI534094	2:PI534094	0.9193012
PI534096	PI534096	2:PI534096	0.612947
PI534097	PI534097	2:PI534097	0.947774
PI534098	PI534098	2:PI534098	0.653867
PI534099	PI534099	2:PI534099	0.9286946
PI534100	PI534100	2:PI534100	0.9475679
PI534101	PI534101	2:PI534101	0.9432735
PI534102	PI534102	2:PI534102	0.9517395
PI534103	PI534103	2:PI534103	0.93512
PI534105	PI534105	2:PI534105	0.9473616
PI534106	PI534106	2:PI534106	0.9355192
PI534107	PI534107	2:PI534107	0.9556568
PI534108	PI534108	2:PI534108	0.9288061
PI534109	PI534109	2:PI534109	0.9562082
PI534110	PI534110	2:PI534110	0.9520226
PI534112	PI534112	2:PI534112	0.9323782
PI534113	PI534113	2:PI534113	0.9372893
PI534114	PI534114	2:PI534114	0.923556
PI534115	PI534115	2:PI534115	0.9453
PI534117	PI534117	2:PI534117	0.9412402
PI534118	PI534118	2:PI534118	0.9173524
PI534120	PI534120	2:PI534120	0.9298049
PI534121	PI534121	2:PI534121	0.690503
PI534122	PI534122	2:PI534122	0.9341466
PI534123	PI534123	2:PI534123	0.826378
PI534124	PI534124	2:PI534124	0.840544
PI534127	PI534127	2:PI534127	0.806631
PI534128	PI534128	2:PI534128	0.9085705
PI534130	PI534130	2:PI534130	0.861783
PI534132	PI534132	2:PI534132	0.9391316
PI534133	PI534133	2:PI534133	0.921893
PI534134	PI534134	2:PI534134	0.9374279
PI534135	PI534135	2:PI534135	0.6559
PI534136	PI534136	2:PI534136	0.895003
PI534137	PI534137	2:PI534137	0.9388945
PI534139	PI534139	2:PI534139	0.835629
PI534141	PI534141	2:PI534141	0.9183445
PI534142	PI534142	2:PI534142	0.9382244
PI534144	PI534144	2:PI534144	0.87974
PI534146	PI534146	2:PI534146	0.9431003
PI534147	PI534147	2:PI534147	0.9480358
PI534148	PI534148	2:PI534148	0.777981
PI534150	PI534150	2:PI534150	0.9447621
PI534151	PI534151	2:PI534151	0.93568
PI534153	PI534153	2:PI534153	0.9312837
PI534154	PI534154	2:PI534154	0.9266269
PI534155	PI534155	2:PI534155	0.9197858
PI534156	PI534156	2:PI534156	0.64257
PI534157	PI534157	2:PI534157	0.9392025
PI534158	PI534158	2:PI534158	0.649606
PI534159	PI534159	2:PI534159	0.9355766
PI534160	PI534160	2:PI534160	0.9325202
PI534162	PI534162	2:PI534162	0.9110475
PI534163	PI534163	2:PI534163	0.9461893
PI534164	PI534164	2:PI534164	0.9183795
PI534165	PI534165	2:PI534165	0.9268404
PI534166	PI534166	2:PI534166	0.672935
PI534167	PI534167	2:PI534167	0.9225066
PI542406	PI542406	2:PI542406	0.9147382
PI542718	PI542718	2:PI542718	0.9381542
PI548797	PI548797	2:PI548797	0.9375318
PI552861	PI552861	2:PI552861	0.9511155
PI561071	PI561071	2:PI561071	0.9255835
PI561072	PI561072	2:PI561072	0.718531
PI561073	PI561073	2:PI561073	0.9318054
PI564163	PI564163	2:PI564163	0.9784913
PI564164	PI564164	2:PI564164	0.9160092
PI564165	PI564165	2:PI564165	0.9449107
PI565121	PI565121	2:PI565121	0.9513996
PI576130	PI576130	2:PI576130	0.790338
PI576328	PI576328	2:PI576328	0.9441424
PI576329	PI576329	2:PI576329	0.9524134
PI576330	PI576330	2:PI576330	0.876028
PI576332	PI576332	2:PI576332	0.9471789
PI576333	PI576333	2:PI576333	0.9450809
PI576334	PI576334	2:PI576334	0.687594
PI576335	PI576335	2:PI576335	0.666333
PI576338	PI576338	2:PI576338	0.9531016
PI576339	PI576339	2:PI576339	0.9531054
PI576340	PI576340	2:PI576340	0.9506066
PI576343	PI576343	2:PI576343	0.9373297
PI576345	PI576345	2:PI576345	0.9530594
PI576346	PI576346	2:PI576346	0.675437
PI576347	PI576347	2:PI576347	0.9241874
PI576349	PI576349	2:PI576349	0.899288
PI576351	PI576351	2:PI576351	0.9267128
PI576352	PI576352	2:PI576352	0.9543409
PI576358	PI576358	2:PI576358	0.925287
PI576359	PI576359	2:PI576359	0.9364889
PI576360	PI576360	2:PI576360	0.9408108
PI576361	PI576361	2:PI576361	0.9232305
PI576362	PI576362	2:PI576362	0.9173297
PI576363	PI576363	2:PI576363	0.9519725
PI576364	PI576364	2:PI576364	0.9179388
PI576366	PI576366	2:PI576366	0.840752
PI576368	PI576368	2:PI576368	0.893222
PI576369	PI576369	2:PI576369	0.9502167
PI576370	PI576370	2:PI576370	0.9295513
PI576371	PI576371	2:PI576371	0.9194642
PI576372	PI576372	2:PI576372	0.9220773
PI576373	PI576373	2:PI576373	0.9341939
PI576374	PI576374	2:PI576374	0.9409954
PI576375	PI576375	2:PI576375	0.896624
PI576376	PI576376	2:PI576376	0.9296291
PI576378	PI576378	2:PI576378	0.9050481
PI576382	PI576382	2:PI576382	0.9219503
PI576383	PI576383	2:PI576383	0.889894
PI576385	PI576385	2:PI576385	0.752825
PI576386	PI576386	2:PI576386	0.9118137
PI576387	PI576387	2:PI576387	0.9167719
PI576389	PI576389	2:PI576389	0.9413779
PI576390	PI576390	2:PI576390	0.9107275
PI576391	PI576391	2:PI576391	0.619721
PI576392	PI576392	2:PI576392	0.9510655
PI576393	PI576393	2:PI576393	0.9116304
PI576394	PI576394	2:PI576394	0.657833
PI576395	PI576395	2:PI576395	0.9484825
PI576396	PI576396	2:PI576396	0.9355287
PI576397	PI576397	2:PI576397	0.9427535
PI576398	PI576398	2:PI576398	0.9357227
PI576399	PI576399	2:PI576399	0.9286398
PI576400	PI576400	2:PI576400	0.965496
PI576401	PI576401	2:PI576401	0.909904
PI576402	PI576402	2:PI576402	0.9304918
PI576403	PI576403	2:PI576403	0.913558
PI576405	PI576405	2:PI576405	0.9417171
PI576406	PI576406	2:PI576406	0.938681
PI576407	PI576407	2:PI576407	0.9243714
PI576409	PI576409	2:PI576409	0.9296863
PI576410	PI576410	2:PI576410	0.9429962
PI576412	PI576412	2:PI576412	0.9321596
PI576413	PI576413	2:PI576413	0.9506702
PI576414	PI576414	2:PI576414	0.9350505
PI576415	PI576415	2:PI576415	0.920728
PI576416	PI576416	2:PI576416	0.9249224
PI576417	PI576417	2:PI576417	0.9383179
PI576418	PI576418	2:PI576418	0.9147452
PI576419	PI576419	2:PI576419	0.9079123
PI576420	PI576420	2:PI576420	0.690046
PI576421	PI576421	2:PI576421	0.9303982
PI576424	PI576424	2:PI576424	0.9336782
PI576425	PI576425	2:PI576425	0.913339
PI576426	PI576426	2:PI576426	0.9286062
PI576427	PI576427	2:PI576427	0.898209
PI576429	PI576429	2:PI576429	0.9187907
PI576431	PI576431	2:PI576431	0.894014
PI576432	PI576432	2:PI576432	0.9064291
PI576433	PI576433	2:PI576433	0.9395396
PI576434	PI576434	2:PI576434	0.9393441
PI576435	PI576435	2:PI576435	0.9162522
PI576436	PI576436	2:PI576436	0.9265459
PI576437	PI576437	2:PI576437	0.889193
PI585295	PI585295	2:PI585295	0.841484
PI595699	PI595699	2:PI595699	0.9099802
PI595700	PI595700	2:PI595700	0.9383236
PI595701	PI595701	2:PI595701	0.9478633
PI595703	PI595703	2:PI595703	0.638623
PI595704	PI595704	2:PI595704	0.931497
PI595705	PI595705	2:PI595705	0.9343961
PI595706	PI595706	2:PI595706	0.900966
PI595708	PI595708	2:PI595708	0.9418427
PI595710	PI595710	2:PI595710	0.9440787
PI595711	PI595711	2:PI595711	0.9369596
PI595712	PI595712	2:PI595712	0.673228
PI595713	PI595713	2:PI595713	0.9284815
PI595714	PI595714	2:PI595714	0.9335565
PI595715	PI595715	2:PI595715	0.712425
PI595716	PI595716	2:PI595716	0.905639
PI595717	PI595717	2:PI595717	0.9500696
PI595718	PI595718	2:PI595718	0.9232891
PI595719	PI595719	2:PI595719	0.9490556
PI595720	PI595720	2:PI595720	0.9184975
PI595721	PI595721	2:PI595721	0.9220235
PI595722	PI595722	2:PI595722	0.9207993
PI595724	PI595724	2:PI595724	0.9058104
PI595725	PI595725	2:PI595725	0.940982
PI595726	PI595726	2:PI595726	0.9142294
PI595727	PI595727	2:PI595727	0.9289441
PI595728	PI595728	2:PI595728	0.9274259
PI595729	PI595729	2:PI595729	0.676785
PI595730	PI595730	2:PI595730	0.645046
PI595731	PI595731	2:PI595731	0.9339421
PI595732	PI595732	2:PI595732	0.9515911
PI595733	PI595733	2:PI595733	0.9450587
PI595734	PI595734	2:PI595734	0.9419361
PI595735	PI595735	2:PI595735	0.9506006
PI595736	PI595736	2:PI595736	0.9519439
PI595737	PI595737	2:PI595737	0.9419475
PI595738	PI595738	2:PI595738	0.937666
PI595739	PI595739	2:PI595739	0.9490277
PI595740	PI595740	2:PI595740	0.804229
PI595741	PI595741	2:PI595741	0.9389434
PI595743	PI595743	2:PI595743	0.9120967
PI595744	PI595744	2:PI595744	0.9351607
PI595746	PI595746	2:PI595746	0.9070163
PI595747	PI595747	2:PI595747	0.9458376
PI595748	PI595748	2:PI595748	0.9448528
PI597943	PI597943	2:PI597943	0.929643
PI597944	PI597944	2:PI597944	0.698694
PI597945	PI597945	2:PI597945	0.673175
PI597946	PI597946	2:PI597946	0.9491068
PI597947	PI597947	2:PI597947	0.9503984
PI597949	PI597949	2:PI597949	0.9293832
PI597951	PI597951	2:PI597951	0.9201495
PI597952	PI597952	2:PI597952	0.883935
PI597953	PI597953	2:PI597953	0.9191409
PI597955	PI597955	2:PI597955	0.9349017
PI597956	PI597956	2:PI597956	0.676813
PI597957	PI597957	2:PI597957	0.91803
PI597958	PI597958	2:PI597958	0.9280035
PI597959	PI597959	2:PI597959	0.9273661
PI597960	PI597960	2:PI597960	0.661696
PI597961	PI597961	2:PI597961	0.9477054
PI597962	PI597962	2:PI597962	0.9520327
PI597963	PI597963	2:PI597963	0.9580296
PI597965	PI597965	2:PI597965	0.930675
PI597966	PI597966	2:PI597966	0.9261335
PI597967	PI597967	2:PI597967	0.9439997
PI597968	PI597968	2:PI597968	0.9283577
PI597970	PI597970	2:PI597970	0.9280889
PI597971	PI597971	2:PI597971	0.9400013
PI597972	PI597972	2:PI597972	0.9232084
PI597973	PI597973	2:PI597973	0.933749
PI597974	PI597974	2:PI597974	0.943287
PI597975	PI597975	2:PI597975	0.882951
PI597976	PI597976	2:PI597976	0.9290822
PI597977	PI597977	2:PI597977	0.701214
PI597978	PI597978	2:PI597978	0.949363
PI597980	PI597980	2:PI597980	0.9118514
PI597981	PI597981	2:PI597981	0.9412621
PI597982	PI597982	2:PI597982	0.9277456
PI601816	PI601816	2:PI601816	0.654443
PI607931	PI607931	2:PI607931	0.931349
PI609456	PI609456	2:PI609456	0.894049
PI613536	PI613536	2:PI613536	0.9251161
PI629034	PI629034	2:PI629034	0.921896
PI629040	PI629040	2:PI629040	0.9434737
PI629059	PI629059	2:PI629059	0.9570327
PI641849	PI641849	2:PI641849	0.9252925
PI641874	PI641874	2:PI641874	0.685407
PI642793	PI642793	2:PI642793	0.845398
PI642992	PI642992	2:PI642992	0.666963
PI642998	PI642998	2:PI642998	0.891457
PI651496	PI651496	2:PI651496	0.9326706
PI655970	PI655970	2:PI655970	0.9503046
PI655972	PI655972	2:PI655972	0.9370845
PI655973	PI655973	2:PI655973	0.661793
PI655974	PI655974	2:PI655974	0.9466798
PI655975	PI655975	2:PI655975	0.9487778
PI655976	PI655976	2:PI655976	0.760552
PI655977	PI655977	2:PI655977	0.9497918
PI655978	PI655978	2:PI655978	0.9245678
PI655979	PI655979	2:PI655979	0.9378855
PI655981	PI655981	2:PI655981	0.658806
PI655986	PI655986	2:PI655986	0.9381693
PI655987	PI655987	2:PI655987	0.9346863
PI655992	PI655992	2:PI655992	0.957074
PI655993	PI655993	2:PI655993	0.9406951
PI655994	PI655994	2:PI655994	0.885203
PI655995	PI655995	2:PI655995	0.9247005
PI655997	PI655997	2:PI655997	0.705456
PI655998	PI655998	2:PI655998	0.771501
PI655999	PI655999	2:PI655999	0.9052064
PI656000	PI656000	2:PI656000	0.9719197
PI656001	PI656001	2:PI656001	0.932894
PI656002	PI656002	2:PI656002	0.9520547
PI656003	PI656003	2:PI656003	0.9522907
PI656004	PI656004	2:PI656004	0.9356375
PI656005	PI656005	2:PI656005	0.9578568
PI656006	PI656006	2:PI656006	0.9444613
PI656007	PI656007	2:PI656007	0.9374385
PI656008	PI656008	2:PI656008	0.9259392
PI656009	PI656009	2:PI656009	0.799703
PI656010	PI656010	2:PI656010	0.9212178
PI656011	PI656011	2:PI656011	0.9302567
PI656012	PI656012	2:PI656012	0.9198876
PI656013	PI656013	2:PI656013	0.854436
PI656014	PI656014	2:PI656014	0.80643
PI656016	PI656016	2:PI656016	0.9562439
PI656017	PI656017	2:PI656017	0.9237798
PI656018	PI656018	2:PI656018	0.9515191
PI656019	PI656019	2:PI656019	0.9506996
PI656020	PI656020	2:PI656020	0.9554829
PI656021	PI656021	2:PI656021	0.680808
PI656022	PI656022	2:PI656022	0.633174
PI656024	PI656024	2:PI656024	0.9228203
PI656025	PI656025	2:PI656025	0.9293013
PI656026	PI656026	2:PI656026	0.803132
PI656027	PI656027	2:PI656027	0.9331171
PI656028	PI656028	2:PI656028	0.9434726
PI656029	PI656029	2:PI656029	0.9409629
PI656031	PI656031	2:PI656031	0.9389698
PI656032	PI656032	2:PI656032	0.807322
PI656034	PI656034	2:PI656034	0.9428276
PI656035	PI656035	2:PI656035	0.857001
PI656036	PI656036	2:PI656036	0.9285419
PI656037	PI656037	2:PI656037	0.9407582
PI656039	PI656039	2:PI656039	0.9496532
PI656040	PI656040	2:PI656040	0.9277199
PI656041	PI656041	2:PI656041	0.889386
PI656043	PI656043	2:PI656043	0.770716
PI656044	PI656044	2:PI656044	0.9407053
PI656046	PI656046	2:PI656046	0.931371
PI656048	PI656048	2:PI656048	0.9663701
PI656050	PI656050	2:PI656050	0.9045303
PI656051	PI656051	2:PI656051	0.9374843
PI656052	PI656052	2:PI656052	0.685354
PI656053	PI656053	2:PI656053	0.9625119
PI656055	PI656055	2:PI656055	0.9485319
PI656056	PI656056	2:PI656056	0.9604586
PI656057	PI656057	2:PI656057	0.9377472
PI656058	PI656058	2:PI656058	0.9357475
PI656059	PI656059	2:PI656059	0.9541482
PI656060	PI656060	2:PI656060	0.9323748
PI656061	PI656061	2:PI656061	0.940068
PI656062	PI656062	2:PI656062	0.9413832
PI656063	PI656063	2:PI656063	0.87936
PI656068	PI656068	2:PI656068	0.944484
PI656069	PI656069	2:PI656069	0.9153566
PI656070	PI656070	2:PI656070	0.938928
PI656071	PI656071	2:PI656071	0.9369623
PI656072	PI656072	2:PI656072	0.9255152
PI656074	PI656074	2:PI656074	0.9044842
PI656076	PI656076	2:PI656076	0.9414707
PI656077	PI656077	2:PI656077	0.740522
PI656078	PI656078	2:PI656078	0.9047106
PI656079	PI656079	2:PI656079	0.9215612
PI656080	PI656080	2:PI656080	0.62351
PI656082	PI656082	2:PI656082	0.678309
PI656083	PI656083	2:PI656083	0.934563
PI656085	PI656085	2:PI656085	0.9438056
PI656087	PI656087	2:PI656087	0.9335144
PI656088	PI656088	2:PI656088	0.627302
PI656089	PI656089	2:PI656089	0.714163
PI656090	PI656090	2:PI656090	0.665002
PI656091	PI656091	2:PI656091	0.9218295
PI656092	PI656092	2:PI656092	0.9259773
PI656093	PI656093	2:PI656093	0.898746
PI656094	PI656094	2:PI656094	0.937266
PI656095	PI656095	2:PI656095	0.924067
PI656096	PI656096	2:PI656096	0.9308334
PI656097	PI656097	2:PI656097	0.9252964
PI656098	PI656098	2:PI656098	0.9145748
PI656099	PI656099	2:PI656099	0.923814
PI656100	PI656100	2:PI656100	0.9251266
PI656101	PI656101	2:PI656101	0.9366887
PI656102	PI656102	2:PI656102	0.9132939
PI656103	PI656103	2:PI656103	0.9176741
PI656105	PI656105	2:PI656105	0.9370844
PI656106	PI656106	2:PI656106	0.9130401
PI656107	PI656107	2:PI656107	0.941604
PI656108	PI656108	2:PI656108	0.9287852
PI656109	PI656109	2:PI656109	0.932238
PI656110	PI656110	2:PI656110	0.898485
PI656112	PI656112	2:PI656112	0.9049917
PI656114	PI656114	2:PI656114	0.88221
PI656115	PI656115	2:PI656115	0.626766
PI656116	PI656116	2:PI656116	0.866702
PI656118	PI656118	2:PI656118	0.9311816
PI656119	PI656119	2:PI656119	0.656374
PI656121	PI656121	2:PI656121	0.9447527
PI659691	PI659691	2:PI659691	0.9439285
PI659694	PI659694	2:PI659694	0.942963
PI659695	PI659695	2:PI659695	0.9023363
PI659696	PI659696	2:PI659696	0.9342605
PI659753	PI659753	2:PI659753	0.9239777
SC0003	SC0003	2:SC0003	0.9088171
SC0027	SC0027	2:SC0027	0.9077142
SC0041	SC0041	2:SC0041	0.9249856
SC0092	SC0092	2:SC0092	0.945192
SC0138	SC0138	2:SC0138	0.9290748
SC0150	SC0150	2:SC0150	0.9304514
SC0156	SC0156	2:SC0156	0.9075921
SC0157	SC0157	2:SC0157	0.9537307
SC0159	SC0159	2:SC0159	0.9193749
SC0178	SC0178	2:SC0178	0.9052985
SC0179	SC0179	2:SC0179	0.9259621
SC0191	SC0191	2:SC0191	0.9151736
SC0201	SC0201	2:SC0201	0.9418979
SC0236	SC0236	2:SC0236	0.9351529
SC0247	SC0247	2:SC0247	0.9284088
SC0249	SC0249	2:SC0249	0.878194
SC0263	SC0263	2:SC0263	0.9019537
SC0266	SC0266	2:SC0266	0.926776
SC0276	SC0276	2:SC0276	0.690443
SC0287	SC0287	2:SC0287	0.682578
SC0297	SC0297	2:SC0297	0.9131703
SC0314	SC0314	2:SC0314	0.9322703
SC0371	SC0371	2:SC0371	0.9161944
SC0409	SC0409	2:SC0409	0.9352818
SC0412	SC0412	2:SC0412	0.713876
SC0436	SC0436	2:SC0436	0.9054163
SC0445	SC0445	2:SC0445	0.9390055
SC0448	SC0448	2:SC0448	0.9388426
SC0456	SC0456	2:SC0456	0.9401152
SC0458	SC0458	2:SC0458	0.9272242
SC0470	SC0470	2:SC0470	0.9530194
SC0479	SC0479	2:SC0479	0.928335
SC0505	SC0505	2:SC0505	0.9376905
SC0517	SC0517	2:SC0517	0.9439537
SC0521	SC0521	2:SC0521	0.766496
SC0540	SC0540	2:SC0540	0.9387316
SC0542	SC0542	2:SC0542	0.9394037
SC0547	SC0547	2:SC0547	0.806439
SC0550	SC0550	2:SC0550	0.9100626
SC0551	SC0551	2:SC0551	0.9383466
SC0556	SC0556	2:SC0556	0.9489881
SC0581	SC0581	2:SC0581	0.9409518
SC0582	SC0582	2:SC0582	0.896564
SC0604	SC0604	2:SC0604	0.680696
SC0615	SC0615	2:SC0615	0.661583
SC0618	SC0618	2:SC0618	0.9480475
SC0631	SC0631	2:SC0631	0.948053
SC0636	SC0636	2:SC0636	0.9495588
SC0652	SC0652	2:SC0652	0.660277
SC0685	SC0685	2:SC0685	0.9423844
SC0713	SC0713	2:SC0713	0.9082132
SC0741	SC0741	2:SC0741	0.9146947
SC0747	SC0747	2:SC0747	0.9548907
SC0753	SC0753	2:SC0753	0.9545885
SC0777	SC0777	2:SC0777	0.9088725
SC0814	SC0814	2:SC0814	0.9407842
SC0823	SC0823	2:SC0823	0.9146091
SC0834	SC0834	2:SC0834	0.9106729
SC0837	SC0837	2:SC0837	0.63316
SC0847	SC0847	2:SC0847	0.9185383
SC0848	SC0848	2:SC0848	0.941971
SC0854	SC0854	2:SC0854	0.9101225
SC0858	SC0858	2:SC0858	0.9127086
SC0860	SC0860	2:SC0860	0.9372988
SC0868	SC0868	2:SC0868	0.9536818
SC0870	SC0870	2:SC0870	0.9364243
SC0871	SC0871	2:SC0871	0.9347332
SC0878	SC0878	2:SC0878	0.9303052
SC0893	SC0893	2:SC0893	0.9361185
SC0914	SC0914	2:SC0914	0.9279496
SC0921	SC0921	2:SC0921	0.944855
SC0923	SC0923	2:SC0923	0.757834
SC0965	SC0965	2:SC0965	0.64076
SC0999	SC0999	2:SC0999	0.656199
SC1021	SC1021	2:SC1021	0.9369984
SC1023	SC1023	2:SC1023	0.936436
SC1024	SC1024	2:SC1024	0.705079
SC1058	SC1058	2:SC1058	0.9435159
SC1082	SC1082	2:SC1082	0.9306168
SC1097	SC1097	2:SC1097	0.9290237
SC1107	SC1107	2:SC1107	0.9407144
SC1114	SC1114	2:SC1114	0.9437701
SC1119	SC1119	2:SC1119	0.9261412
SC1120	SC1120	2:SC1120	0.9402175
SC1133	SC1133	2:SC1133	0.9484946
SC1166	SC1166	2:SC1166	0.9032956
SC1170	SC1170	2:SC1170	0.938483
SC1178	SC1178	2:SC1178	0.683781
SC1193	SC1193	2:SC1193	0.9364698
SC1216	SC1216	2:SC1216	0.9117033
SC1442	SC1442	2:SC1442	0.891093
