FID1	IID1	FID2	IID2	RT	EZ	Z0	Z1	Z2	PI_HAT	PHE	DST	PPC	RATIO	IBS0	IBS1	IBS2	HOMHOM	HETHET	iid1_base	iid2_base	type1	type2	group
BTx645	BTx645	2:BTx645	2:BTx645	UN		0	0	1	1	-1	0.97197	0	0.0237	3250	1044	130277	380	9	BTx645	BTx645	WGS	RNA	Other pairs
PI152651	PI152651	2:PI152651	2:PI152651	UN		1	0	0	0	-1	0.928992	0	0.0365	7679	3782	123312	631	23	PI152651	PI152651	WGS	RNA	Other pairs
PI153844	PI153844	2:PI153844	2:PI153844	UN		0	0	1	1	-1	0.944813	0	0.0231	6287	1853	122571	605	14	PI153844	PI153844	WGS	RNA	Other pairs
PI153846	PI153846	2:PI153846	2:PI153846	UN		0	0	1	1	-1	0.943684	0	0.1316	5052	4760	122158	471	62	PI153846	PI153846	WGS	RNA	Other pairs
PI22326	PI22326	2:PI22326	2:PI22326	UN		0	0	1	1	-1	0.9444	0	0.0287	6203	2331	123993	592	17	PI22326	PI22326	WGS	RNA	Other pairs
PI24969	PI24969	2:PI24969	2:PI24969	UN		1	0	0	0	-1	0.922202	0	0.0148	8915	3201	123048	676	10	PI24969	PI24969	WGS	RNA	Other pairs
PI276837	PI276837	2:PI276837	2:PI276837	UN		1	0	0	0	-1	0.879738	0	0.0191	14849	2985	118049	629	12	PI276837	PI276837	WGS	RNA	Other pairs
PI34911	PI34911	2:PI34911	2:PI34911	UN		0	0	1	1	-1	0.935713	0	0.0289	7445	2273	123770	622	18	PI34911	PI34911	WGS	RNA	Other pairs
PI48770	PI48770	2:PI48770	2:PI48770	UN		1	0	0	0	-1	0.662897	0	0	43616	2049	86759	879	0	PI48770	PI48770	WGS	RNA	Other pairs
PI533745	PI533745	2:PI533745	2:PI533745	UN		1	0	0	0	-1	0.935471	0	0.032	5455	1647	90195	593	19	PI533745	PI533745	WGS	RNA	Other pairs
PI533746	PI533746	2:PI533746	2:PI533746	UN		1	0	0	0	-1	0.907027	0	0.0155	10916	2555	117680	708	11	PI533746	PI533746	WGS	RNA	Other pairs
PI533747	PI533747	2:PI533747	2:PI533747	UN		1	0	0	0	-1	0.932181	0	0.0216	7017	1980	109067	647	14	PI533747	PI533747	WGS	RNA	Other pairs
PI533749	PI533749	2:PI533749	2:PI533749	UN		0	0	1	1	-1	0.939907	0	0.0166	5493	1811	99172	602	10	PI533749	PI533749	WGS	RNA	Other pairs
PI533750	PI533750	2:PI533750	2:PI533750	UN		1	0	0	0	-1	0.772031	0	0.0089	29099	2625	101678	785	7	PI533750	PI533750	WGS	RNA	Other pairs
PI533751	PI533751	2:PI533751	2:PI533751	UN		1	0	0	0	-1	0.856076	0	0.017	17050	4389	112274	706	12	PI533751	PI533751	WGS	RNA	Other pairs
PI533752	PI533752	2:PI533752	2:PI533752	UN		0	0	1	1	-1	0.938611	0	0.0311	7057	2525	125939	610	19	PI533752	PI533752	WGS	RNA	Other pairs
PI533753	PI533753	2:PI533753	2:PI533753	UN		0	0	1	1	-1	0.936879	0	0.0304	6546	2130	111902	592	18	PI533753	PI533753	WGS	RNA	Other pairs
PI533754	PI533754	2:PI533754	2:PI533754	UN		0	0	1	1	-1	0.93186	0	0.0309	6849	4709	123510	615	19	PI533754	PI533754	WGS	RNA	Other pairs
PI533755	PI533755	2:PI533755	2:PI533755	UN		1	0	0	0	-1	0.699605	0	0.0096	38064	5112	92046	835	8	PI533755	PI533755	WGS	RNA	Other pairs
PI533756	PI533756	2:PI533756	2:PI533756	UN		0	0	1	1	-1	0.958275	0	0.0423	4686	1792	127304	497	21	PI533756	PI533756	WGS	RNA	Other pairs
PI533757	PI533757	2:PI533757	2:PI533757	UN		0	0	1	1	-1	0.934039	0	0.0252	7338	3203	124986	596	15	PI533757	PI533757	WGS	RNA	Other pairs
PI533758	PI533758	2:PI533758	2:PI533758	UN		1	0	0	0	-1	0.915859	0	0.0194	10012	2813	122881	617	12	PI533758	PI533758	WGS	RNA	Other pairs
PI533759	PI533759	2:PI533759	2:PI533759	UN		0	0	1	1	-1	0.943813	0	0.0425	6452	2313	126650	588	25	PI533759	PI533759	WGS	RNA	Other pairs
PI533760	PI533760	2:PI533760	2:PI533760	UN		0	0	1	1	-1	0.941131	0	0.0367	6696	2542	126097	600	22	PI533760	PI533760	WGS	RNA	Other pairs
PI533761	PI533761	2:PI533761	2:PI533761	UN		1	0	0	0	-1	0.916844	0	0.0179	9817	2874	122645	613	11	PI533761	PI533761	WGS	RNA	Other pairs
PI533762	PI533762	2:PI533762	2:PI533762	UN		0	0	1	1	-1	0.938282	0	0.018	7187	2131	124394	610	11	PI533762	PI533762	WGS	RNA	Other pairs
PI533763	PI533763	2:PI533763	2:PI533763	UN		1	0	0	0	-1	0.745001	0	0.0064	32701	2541	97980	786	5	PI533763	PI533763	WGS	RNA	Other pairs
PI533764	PI533764	2:PI533764	2:PI533764	UN		1	0	0	0	-1	0.923774	0	0.0207	5806	1590	79202	580	12	PI533764	PI533764	WGS	RNA	Other pairs
PI533765	PI533765	2:PI533765	2:PI533765	UN		1	0	0	0	-1	0.920532	0	0.0143	6859	1744	88681	628	9	PI533765	PI533765	WGS	RNA	Other pairs
PI533766	PI533766	2:PI533766	2:PI533766	UN		0	0	1	1	-1	0.937836	0	0.0482	7061	2682	125415	602	29	PI533766	PI533766	WGS	RNA	Other pairs
PI533769	PI533769	2:PI533769	2:PI533769	UN		0	0	1	1	-1	0.940282	0	0.0384	6722	2702	125762	599	23	PI533769	PI533769	WGS	RNA	Other pairs
PI533770	PI533770	2:PI533770	2:PI533770	UN		1	0	0	0	-1	0.920676	0	0.0266	9302	2603	121768	640	17	PI533770	PI533770	WGS	RNA	Other pairs
PI533771	PI533771	2:PI533771	2:PI533771	UN		0	0	1	1	-1	0.937312	0	0.0288	7259	2220	124024	626	18	PI533771	PI533771	WGS	RNA	Other pairs
PI533772	PI533772	2:PI533772	2:PI533772	UN		1	0	0	0	-1	0.719466	0	0.0046	35721	2551	93607	862	4	PI533772	PI533772	WGS	RNA	Other pairs
PI533774	PI533774	2:PI533774	2:PI533774	UN		0	0	1	1	-1	0.936916	0	0.0332	7274	2244	123574	632	21	PI533774	PI533774	WGS	RNA	Other pairs
PI533775	PI533775	2:PI533775	2:PI533775	UN		1	0	0	0	-1	0.655644	0	0.0034	43000	2483	82993	876	3	PI533775	PI533775	WGS	RNA	Other pairs
PI533776	PI533776	2:PI533776	2:PI533776	UN		0	0	1	1	-1	0.93746	0	0.0451	6782	3339	125016	621	28	PI533776	PI533776	WGS	RNA	Other pairs
PI533777	PI533777	2:PI533777	2:PI533777	UN		0	0	1	1	-1	0.936518	0	0.0192	6398	1803	106784	625	12	PI533777	PI533777	WGS	RNA	Other pairs
PI533778	PI533778	2:PI533778	2:PI533778	UN		0	0	1	1	-1	0.9383	0	0.0243	7009	2465	124100	618	15	PI533778	PI533778	WGS	RNA	Other pairs
PI533779	PI533779	2:PI533779	2:PI533779	UN		1	0	0	0	-1	0.634863	0	0.0044	44731	2903	78846	904	4	PI533779	PI533779	WGS	RNA	Other pairs
PI533780	PI533780	2:PI533780	2:PI533780	UN		1	0	0	0	-1	0.660128	0	0.0011	43790	2688	86319	884	1	PI533780	PI533780	WGS	RNA	Other pairs
PI533781	PI533781	2:PI533781	2:PI533781	UN		1	0	0	0	-1	0.716275	0	0.0075	36301	2954	93895	801	6	PI533781	PI533781	WGS	RNA	Other pairs
PI533783	PI533783	2:PI533783	2:PI533783	UN		1	0	0	0	-1	0.926424	0	0.0185	8575	2487	122385	649	12	PI533783	PI533783	WGS	RNA	Other pairs
PI533784	PI533784	2:PI533784	2:PI533784	UN		1	0	0	0	-1	0.935321	0	0.0301	7479	2242	123244	632	19	PI533784	PI533784	WGS	RNA	Other pairs
PI533785	PI533785	2:PI533785	2:PI533785	UN		1	0	0	0	-1	0.929521	0	0.0602	7700	3588	123419	598	36	PI533785	PI533785	WGS	RNA	Other pairs
PI533786	PI533786	2:PI533786	2:PI533786	UN		1	0	0	0	-1	0.913	0	0.0226	10391	2346	120182	664	15	PI533786	PI533786	WGS	RNA	Other pairs
PI533787	PI533787	2:PI533787	2:PI533787	UN		1	0	0	0	-1	0.718309	0	0	36213	2435	94230	853	0	PI533787	PI533787	WGS	RNA	Other pairs
PI533788	PI533788	2:PI533788	2:PI533788	UN		1	0	0	0	-1	0.652371	0	0.0059	45461	3097	86671	849	5	PI533788	PI533788	WGS	RNA	Other pairs
PI533789	PI533789	2:PI533789	2:PI533789	UN		0	0	1	1	-1	0.95031	0	0.04	5468	2493	127166	575	23	PI533789	PI533789	WGS	RNA	Other pairs
PI533790	PI533790	2:PI533790	2:PI533790	UN		1	0	0	0	-1	0.902357	0	0.0129	11728	2557	118920	699	9	PI533790	PI533790	WGS	RNA	Other pairs
PI533791	PI533791	2:PI533791	2:PI533791	UN		1	0	0	0	-1	0.918986	0	0.024	9488	2601	121079	667	16	PI533791	PI533791	WGS	RNA	Other pairs
PI533792	PI533792	2:PI533792	2:PI533792	UN		1	0	0	0	-1	0.909415	0	0.0431	9663	5171	120382	627	27	PI533792	PI533792	WGS	RNA	Other pairs
PI533793	PI533793	2:PI533793	2:PI533793	UN		0	0	1	1	-1	0.936954	0	0.0233	7455	2077	125187	559	13	PI533793	PI533793	WGS	RNA	Other pairs
PI533794	PI533794	2:PI533794	2:PI533794	UN		0	0	1	1	-1	0.944694	0	0.036	6296	2452	127258	556	20	PI533794	PI533794	WGS	RNA	Other pairs
PI533795	PI533795	2:PI533795	2:PI533795	UN		1	0	0	0	-1	0.911503	0	0.016	10590	2387	120174	687	11	PI533795	PI533795	WGS	RNA	Other pairs
PI533797	PI533797	2:PI533797	2:PI533797	UN		1	0	0	0	-1	0.914659	0	0.0191	10357	2065	121036	679	13	PI533797	PI533797	WGS	RNA	Other pairs
PI533798	PI533798	2:PI533798	2:PI533798	UN		0	0	1	1	-1	0.946122	0	0.0266	6269	1740	124494	563	15	PI533798	PI533798	WGS	RNA	Other pairs
PI533799	PI533799	2:PI533799	2:PI533799	UN		0	0	1	1	-1	0.936831	0	0.0268	7317	2549	126143	559	15	PI533799	PI533799	WGS	RNA	Other pairs
PI533800	PI533800	2:PI533800	2:PI533800	UN		0	0	1	1	-1	0.947088	0	0.0279	5658	3018	126776	573	16	PI533800	PI533800	WGS	RNA	Other pairs
PI533802	PI533802	2:PI533802	2:PI533802	UN		0	0	1	1	-1	0.954634	0	0.0389	5111	1893	126520	540	21	PI533802	PI533802	WGS	RNA	Other pairs
PI533803	PI533803	2:PI533803	2:PI533803	UN		0	0	1	1	-1	0.939515	0	0.0252	6963	2090	123344	635	16	PI533803	PI533803	WGS	RNA	Other pairs
PI533804	PI533804	2:PI533804	2:PI533804	UN		0	0	1	1	-1	0.948731	0	0.0353	5328	1816	114488	595	21	PI533804	PI533804	WGS	RNA	Other pairs
PI533807	PI533807	2:PI533807	2:PI533807	UN		1	0	0	0	-1	0.929879	0	0.0258	8031	2897	124260	619	16	PI533807	PI533807	WGS	RNA	Other pairs
PI533808	PI533808	2:PI533808	2:PI533808	UN		1	0	0	0	-1	0.914707	0	0.0124	10057	2429	119664	644	8	PI533808	PI533808	WGS	RNA	Other pairs
PI533809	PI533809	2:PI533809	2:PI533809	UN		1	0	0	0	-1	0.933337	0	0.0312	7615	2482	122750	641	20	PI533809	PI533809	WGS	RNA	Other pairs
PI533810	PI533810	2:PI533810	2:PI533810	UN		1	0	0	0	-1	0.92266	0	0.0272	8652	3625	123029	662	18	PI533810	PI533810	WGS	RNA	Other pairs
PI533811	PI533811	2:PI533811	2:PI533811	UN		1	0	0	0	-1	0.934562	0	0.0314	7607	2243	123536	605	19	PI533811	PI533811	WGS	RNA	Other pairs
PI533812	PI533812	2:PI533812	2:PI533812	UN		1	0	0	0	-1	0.916552	0	0.0151	9700	2471	118875	661	10	PI533812	PI533812	WGS	RNA	Other pairs
PI533813	PI533813	2:PI533813	2:PI533813	UN		0	0	1	1	-1	0.941774	0	0.034	6614	2270	124200	617	21	PI533813	PI533813	WGS	RNA	Other pairs
PI533814	PI533814	2:PI533814	2:PI533814	UN		1	0	0	0	-1	0.931418	0	0.049	7627	3322	124480	633	31	PI533814	PI533814	WGS	RNA	Other pairs
PI533818	PI533818	2:PI533818	2:PI533818	UN		1	0	0	0	-1	0.927681	0	0.0183	7795	1945	111493	655	12	PI533818	PI533818	WGS	RNA	Other pairs
PI533819	PI533819	2:PI533819	2:PI533819	UN		1	0	0	0	-1	0.890482	0	0.0468	7505	14123	111377	620	29	PI533819	PI533819	WGS	RNA	Other pairs
PI533821	PI533821	2:PI533821	2:PI533821	UN		0	0	1	1	-1	0.939878	0	0.041	6816	2631	125804	585	24	PI533821	PI533821	WGS	RNA	Other pairs
PI533822	PI533822	2:PI533822	2:PI533822	UN		0	0	1	1	-1	0.950973	0	0.0673	5310	2663	127492	550	37	PI533822	PI533822	WGS	RNA	Other pairs
PI533823	PI533823	2:PI533823	2:PI533823	UN		0	0	1	1	-1	0.944163	0	0.0387	6043	2050	118490	595	23	PI533823	PI533823	WGS	RNA	Other pairs
PI533824	PI533824	2:PI533824	2:PI533824	UN		1	0	0	0	-1	0.907326	0	0.0203	11177	2673	121177	690	14	PI533824	PI533824	WGS	RNA	Other pairs
PI533825	PI533825	2:PI533825	2:PI533825	UN		1	0	0	0	-1	0.933367	0	0.0318	7677	2399	123138	628	20	PI533825	PI533825	WGS	RNA	Other pairs
PI533828	PI533828	2:PI533828	2:PI533828	UN		1	0	0	0	-1	0.916707	0	0.0088	9910	2465	121400	682	6	PI533828	PI533828	WGS	RNA	Other pairs
PI533829	PI533829	2:PI533829	2:PI533829	UN		1	0	0	0	-1	0.912421	0	0.0176	10282	2406	118451	682	12	PI533829	PI533829	WGS	RNA	Other pairs
PI533830	PI533830	2:PI533830	2:PI533830	UN		1	0	0	0	-1	0.82991	0	0.011	19503	3012	101002	726	8	PI533830	PI533830	WGS	RNA	Other pairs
PI533831	PI533831	2:PI533831	2:PI533831	UN		0	0	1	1	-1	0.946869	0	0.0446	5486	3404	126397	583	26	PI533831	PI533831	WGS	RNA	Other pairs
PI533833	PI533833	2:PI533833	2:PI533833	UN		1	0	0	0	-1	0.889883	0	0.0028	13322	2039	114878	717	2	PI533833	PI533833	WGS	RNA	Other pairs
PI533835	PI533835	2:PI533835	2:PI533835	UN		1	0	0	0	-1	0.922486	0	0.0101	8187	1944	108028	595	6	PI533835	PI533835	WGS	RNA	Other pairs
PI533836	PI533836	2:PI533836	2:PI533836	UN		1	0	0	0	-1	0.925064	0	0.0166	7828	1806	106879	604	10	PI533836	PI533836	WGS	RNA	Other pairs
PI533837	PI533837	2:PI533837	2:PI533837	UN		1	0	0	0	-1	0.908225	0	0.0031	10830	1775	115071	646	2	PI533837	PI533837	WGS	RNA	Other pairs
PI533838	PI533838	2:PI533838	2:PI533838	UN		0	0	1	1	-1	0.946393	0	0.0504	5804	2912	126714	575	29	PI533838	PI533838	WGS	RNA	Other pairs
PI533840	PI533840	2:PI533840	2:PI533840	UN		1	0	0	0	-1	0.926567	0	0.0182	8530	2384	121479	658	12	PI533840	PI533840	WGS	RNA	Other pairs
PI533841	PI533841	2:PI533841	2:PI533841	UN		1	0	0	0	-1	0.751086	0	0.0013	31947	1445	97856	757	1	PI533841	PI533841	WGS	RNA	Other pairs
PI533842	PI533842	2:PI533842	2:PI533842	UN		1	0	0	0	-1	0.921864	0	0.0404	8827	3493	123002	643	26	PI533842	PI533842	WGS	RNA	Other pairs
PI533843	PI533843	2:PI533843	2:PI533843	UN		1	0	0	0	-1	0.768972	0	0.0339	29419	3736	102270	737	25	PI533843	PI533843	WGS	RNA	Other pairs
PI533844	PI533844	2:PI533844	2:PI533844	UN		0	0	1	1	-1	0.94044	0	0.0352	5911	1782	106511	568	20	PI533844	PI533844	WGS	RNA	Other pairs
PI533846	PI533846	2:PI533846	2:PI533846	UN		1	0	0	0	-1	0.92448	0	0.0294	6790	1694	92641	612	18	PI533846	PI533846	WGS	RNA	Other pairs
PI533847	PI533847	2:PI533847	2:PI533847	UN		0	0	1	1	-1	0.944961	0	0.032	5089	1528	99726	562	18	PI533847	PI533847	WGS	RNA	Other pairs
PI533848	PI533848	2:PI533848	2:PI533848	UN		0	0	1	1	-1	0.938907	0	0.021	3453	1123	61135	524	11	PI533848	PI533848	WGS	RNA	Other pairs
PI533850	PI533850	2:PI533850	2:PI533850	UN		0	0	1	1	-1	0.943539	0	0.0394	5091	1588	97553	558	22	PI533850	PI533850	WGS	RNA	Other pairs
PI533851	PI533851	2:PI533851	2:PI533851	UN		1	0	0	0	-1	0.933692	0	0.0208	7266	2091	115990	626	13	PI533851	PI533851	WGS	RNA	Other pairs
PI533852	PI533852	2:PI533852	2:PI533852	UN		1	0	0	0	-1	0.935728	0	0.0304	7461	2096	122834	625	19	PI533852	PI533852	WGS	RNA	Other pairs
PI533853	PI533853	2:PI533853	2:PI533853	UN		1	0	0	0	-1	0.929894	0	0.019	6689	1747	99437	633	12	PI533853	PI533853	WGS	RNA	Other pairs
PI533854	PI533854	2:PI533854	2:PI533854	UN		1	0	0	0	-1	0.734548	0	0.0162	30122	2168	85268	802	13	PI533854	PI533854	WGS	RNA	Other pairs
PI533855	PI533855	2:PI533855	2:PI533855	UN		1	0	0	0	-1	0.922744	0	0.0161	8960	2330	119767	620	10	PI533855	PI533855	WGS	RNA	Other pairs
PI533857	PI533857	2:PI533857	2:PI533857	UN		1	0	0	0	-1	0.931237	0	0.0314	8010	2203	122292	636	20	PI533857	PI533857	WGS	RNA	Other pairs
PI533859	PI533859	2:PI533859	2:PI533859	UN		1	0	0	0	-1	0.858598	0	0.0163	15584	1984	99658	673	11	PI533859	PI533859	WGS	RNA	Other pairs
PI533860	PI533860	2:PI533860	2:PI533860	UN		1	0	0	0	-1	0.917554	0	0.0122	9846	2231	120876	654	8	PI533860	PI533860	WGS	RNA	Other pairs
PI533861	PI533861	2:PI533861	2:PI533861	UN		0	0	1	1	-1	0.937688	0	0.023	6860	2211	118761	608	14	PI533861	PI533861	WGS	RNA	Other pairs
PI533862	PI533862	2:PI533862	2:PI533862	UN		1	0	0	0	-1	0.629928	0	0.0022	47825	2795	82388	913	2	PI533862	PI533862	WGS	RNA	Other pairs
PI533863	PI533863	2:PI533863	2:PI533863	UN		1	0	0	0	-1	0.846412	0	0.0041	19210	2409	111298	730	3	PI533863	PI533863	WGS	RNA	Other pairs
PI533864	PI533864	2:PI533864	2:PI533864	UN		1	0	0	0	-1	0.930552	0	0.0079	8063	2024	120587	636	5	PI533864	PI533864	WGS	RNA	Other pairs
PI533866	PI533866	2:PI533866	2:PI533866	UN		1	0	0	0	-1	0.732209	0	0.0037	32885	5389	94589	819	3	PI533866	PI533866	WGS	RNA	Other pairs
PI533867	PI533867	2:PI533867	2:PI533867	UN		1	0	0	0	-1	0.935448	0	0.0185	6329	1553	102192	595	11	PI533867	PI533867	WGS	RNA	Other pairs
PI533869	PI533869	2:PI533869	2:PI533869	UN		1	0	0	0	-1	0.926083	0	0.0178	8583	2799	123669	618	11	PI533869	PI533869	WGS	RNA	Other pairs
PI533870	PI533870	2:PI533870	2:PI533870	UN		1	0	0	0	-1	0.917446	0	0.0103	9795	2402	121000	678	7	PI533870	PI533870	WGS	RNA	Other pairs
PI533871	PI533871	2:PI533871	2:PI533871	UN		1	0	0	0	-1	0.916354	0	0.029	9970	2632	122324	656	19	PI533871	PI533871	WGS	RNA	Other pairs
PI533872	PI533872	2:PI533872	2:PI533872	UN		0	0	1	1	-1	0.942789	0	0.0212	6393	2463	124413	612	13	PI533872	PI533872	WGS	RNA	Other pairs
PI533873	PI533873	2:PI533873	2:PI533873	UN		0	0	1	1	-1	0.940834	0	0.0292	6119	1599	109216	616	18	PI533873	PI533873	WGS	RNA	Other pairs
PI533874	PI533874	2:PI533874	2:PI533874	UN		1	0	0	0	-1	0.922933	0	0.0171	8983	2480	121188	644	11	PI533874	PI533874	WGS	RNA	Other pairs
PI533876	PI533876	2:PI533876	2:PI533876	UN		1	0	0	0	-1	0.650886	0	0.0011	45283	2526	85517	883	1	PI533876	PI533876	WGS	RNA	Other pairs
PI533877	PI533877	2:PI533877	2:PI533877	UN		1	0	0	0	-1	0.92883	0	0.0119	8049	2331	119092	670	8	PI533877	PI533877	WGS	RNA	Other pairs
PI533878	PI533878	2:PI533878	2:PI533878	UN		0	0	1	1	-1	0.937189	0	0.0321	6625	3754	124980	623	20	PI533878	PI533878	WGS	RNA	Other pairs
PI533880	PI533880	2:PI533880	2:PI533880	UN		1	0	0	0	-1	0.904283	0	0.0102	11097	2248	114333	687	7	PI533880	PI533880	WGS	RNA	Other pairs
PI533881	PI533881	2:PI533881	2:PI533881	UN		1	0	0	0	-1	0.929447	0	0.0331	8222	2317	122417	634	21	PI533881	PI533881	WGS	RNA	Other pairs
PI533882	PI533882	2:PI533882	2:PI533882	UN		1	0	0	0	-1	0.88146	0	0.0142	14462	3170	117740	704	10	PI533882	PI533882	WGS	RNA	Other pairs
PI533884	PI533884	2:PI533884	2:PI533884	UN		1	0	0	0	-1	0.930617	0	0.0249	7952	2456	121902	642	16	PI533884	PI533884	WGS	RNA	Other pairs
PI533885	PI533885	2:PI533885	2:PI533885	UN		0	0	1	1	-1	0.940111	0	0.0264	6789	2342	123782	606	16	PI533885	PI533885	WGS	RNA	Other pairs
PI533887	PI533887	2:PI533887	2:PI533887	UN		1	0	0	0	-1	0.930097	0	0.0141	7565	2364	115202	637	9	PI533887	PI533887	WGS	RNA	Other pairs
PI533888	PI533888	2:PI533888	2:PI533888	UN		1	0	0	0	-1	0.930328	0	0.0344	8222	2182	123266	610	21	PI533888	PI533888	WGS	RNA	Other pairs
PI533893	PI533893	2:PI533893	2:PI533893	UN		0	0	1	1	-1	0.944873	0	0.0374	5738	1934	113957	589	22	PI533893	PI533893	WGS	RNA	Other pairs
PI533894	PI533894	2:PI533894	2:PI533894	UN		1	0	0	0	-1	0.933452	0	0.0142	7679	2126	121559	632	9	PI533894	PI533894	WGS	RNA	Other pairs
PI533897	PI533897	2:PI533897	2:PI533897	UN		0	0	1	1	-1	0.940554	0	0.0433	6043	3725	123218	577	25	PI533897	PI533897	WGS	RNA	Other pairs
PI533898	PI533898	2:PI533898	2:PI533898	UN		1	0	0	0	-1	0.932709	0	0.0171	7716	2497	123007	642	11	PI533898	PI533898	WGS	RNA	Other pairs
PI533899	PI533899	2:PI533899	2:PI533899	UN		1	0	0	0	-1	0.928481	0	0.029	8334	2253	121692	655	19	PI533899	PI533899	WGS	RNA	Other pairs
PI533900	PI533900	2:PI533900	2:PI533900	UN		0	0	1	1	-1	0.939518	0	0.0361	6803	2529	124054	609	22	PI533900	PI533900	WGS	RNA	Other pairs
PI533901	PI533901	2:PI533901	2:PI533901	UN		0	0	1	1	-1	0.930112	0	0.0332	7500	3944	124088	602	20	PI533901	PI533901	WGS	RNA	Other pairs
PI533903	PI533903	2:PI533903	2:PI533903	UN		1	0	0	0	-1	0.930011	0	0.023	8187	2488	124074	652	15	PI533903	PI533903	WGS	RNA	Other pairs
PI533904	PI533904	2:PI533904	2:PI533904	UN		1	0	0	0	-1	0.918536	0	0.0256	9013	3645	120352	664	17	PI533904	PI533904	WGS	RNA	Other pairs
PI533906	PI533906	2:PI533906	2:PI533906	UN		1	0	0	0	-1	0.926971	0	0.0192	6956	1927	99560	625	12	PI533906	PI533906	WGS	RNA	Other pairs
PI533907	PI533907	2:PI533907	2:PI533907	UN		1	0	0	0	-1	0.909927	0	0.0159	10716	2575	119973	694	11	PI533907	PI533907	WGS	RNA	Other pairs
PI533908	PI533908	2:PI533908	2:PI533908	UN		0	0	1	1	-1	0.940924	0	0.0299	6625	2431	123663	636	19	PI533908	PI533908	WGS	RNA	Other pairs
PI533909	PI533909	2:PI533909	2:PI533909	UN		0	0	1	1	-1	0.943906	0	0.0308	5909	2002	115276	584	18	PI533909	PI533909	WGS	RNA	Other pairs
PI533910	PI533910	2:PI533910	2:PI533910	UN		1	0	0	0	-1	0.784877	0	0	27526	3178	104637	775	0	PI533910	PI533910	WGS	RNA	Other pairs
PI533911	PI533911	2:PI533911	2:PI533911	UN		1	0	0	0	-1	0.919586	0	0.0175	8198	5349	121660	629	11	PI533911	PI533911	WGS	RNA	Other pairs
PI533912	PI533912	2:PI533912	2:PI533912	UN		1	0	0	0	-1	0.923505	0	0.025	8867	2943	123342	641	16	PI533912	PI533912	WGS	RNA	Other pairs
PI533913	PI533913	2:PI533913	2:PI533913	UN		0	0	1	1	-1	0.93978	0	0.0311	6368	3514	125040	579	18	PI533913	PI533913	WGS	RNA	Other pairs
PI533914	PI533914	2:PI533914	2:PI533914	UN		0	0	1	1	-1	0.9489	0	0.039	5778	2054	125339	564	22	PI533914	PI533914	WGS	RNA	Other pairs
PI533915	PI533915	2:PI533915	2:PI533915	UN		0	0	1	1	-1	0.929048	0	0.0418	7393	4309	122861	598	25	PI533915	PI533915	WGS	RNA	Other pairs
PI533916	PI533916	2:PI533916	2:PI533916	UN		1	0	0	0	-1	0.883475	0	0.0027	14388	2339	116785	737	2	PI533916	PI533916	WGS	RNA	Other pairs
PI533917	PI533917	2:PI533917	2:PI533917	UN		1	0	0	0	-1	0.916981	0	0.0164	9686	2561	119849	672	11	PI533917	PI533917	WGS	RNA	Other pairs
PI533918	PI533918	2:PI533918	2:PI533918	UN		0	0	1	1	-1	0.94591	0	0.0229	6255	1915	125173	568	13	PI533918	PI533918	WGS	RNA	Other pairs
PI533919	PI533919	2:PI533919	2:PI533919	UN		1	0	0	0	-1	0.927464	0	0.0371	7891	3796	123266	647	24	PI533919	PI533919	WGS	RNA	Other pairs
PI533920	PI533920	2:PI533920	2:PI533920	UN		1	0	0	0	-1	0.933681	0	0.03	7006	1920	111190	634	19	PI533920	PI533920	WGS	RNA	Other pairs
PI533921	PI533921	2:PI533921	2:PI533921	UN		1	0	0	0	-1	0.928886	0	0.0342	7775	3671	123696	672	23	PI533921	PI533921	WGS	RNA	Other pairs
PI533922	PI533922	2:PI533922	2:PI533922	UN		1	0	0	0	-1	0.919846	0	0.022	9433	2321	120411	683	15	PI533922	PI533922	WGS	RNA	Other pairs
PI533923	PI533923	2:PI533923	2:PI533923	UN		0	0	1	1	-1	0.942095	0	0.023	4881	1545	91208	565	13	PI533923	PI533923	WGS	RNA	Other pairs
PI533924	PI533924	2:PI533924	2:PI533924	UN		1	0	0	0	-1	0.918016	0	0.0354	8474	4528	117974	678	24	PI533924	PI533924	WGS	RNA	Other pairs
PI533925	PI533925	2:PI533925	2:PI533925	UN		0	0	1	1	-1	0.935697	0	0.0262	7201	2665	122841	650	17	PI533925	PI533925	WGS	RNA	Other pairs
PI533926	PI533926	2:PI533926	2:PI533926	UN		1	0	0	0	-1	0.639841	0	0.0033	45478	2385	81720	906	3	PI533926	PI533926	WGS	RNA	Other pairs
PI533928	PI533928	2:PI533928	2:PI533928	UN		0	0	1	1	-1	0.948394	0	0.0282	5880	1723	123032	532	15	PI533928	PI533928	WGS	RNA	Other pairs
PI533929	PI533929	2:PI533929	2:PI533929	UN		1	0	0	0	-1	0.931289	0	0.0247	8369	1653	123807	567	14	PI533929	PI533929	WGS	RNA	Other pairs
PI533930	PI533930	2:PI533930	2:PI533930	UN		0	0	1	1	-1	0.949312	0	0.0332	5866	1862	126367	572	19	PI533930	PI533930	WGS	RNA	Other pairs
PI533931	PI533931	2:PI533931	2:PI533931	UN		1	0	0	0	-1	0.932842	0	0.0262	7797	2260	122868	650	17	PI533931	PI533931	WGS	RNA	Other pairs
PI533934	PI533934	2:PI533934	2:PI533934	UN		1	0	0	0	-1	0.911899	0	0.0047	7310	1665	83447	639	3	PI533934	PI533934	WGS	RNA	Other pairs
PI533935	PI533935	2:PI533935	2:PI533935	UN		1	0	0	0	-1	0.926331	0	0.0153	7415	2026	104962	652	10	PI533935	PI533935	WGS	RNA	Other pairs
PI533936	PI533936	2:PI533936	2:PI533936	UN		0	0	1	1	-1	0.949484	0	0.0533	5842	1985	127466	525	28	PI533936	PI533936	WGS	RNA	Other pairs
PI533937	PI533937	2:PI533937	2:PI533937	UN		0	0	1	1	-1	0.94712	0	0.037	6101	2136	127335	541	20	PI533937	PI533937	WGS	RNA	Other pairs
PI533938	PI533938	2:PI533938	2:PI533938	UN		1	0	0	0	-1	0.781095	0	0.021	22584	13875	98401	763	16	PI533938	PI533938	WGS	RNA	Other pairs
PI533939	PI533939	2:PI533939	2:PI533939	UN		1	0	0	0	-1	0.711517	0	0.0024	37102	2517	93354	827	2	PI533939	PI533939	WGS	RNA	Other pairs
PI533940	PI533940	2:PI533940	2:PI533940	UN		0	0	1	1	-1	0.940909	0	0.0317	6961	2079	126352	567	18	PI533940	PI533940	WGS	RNA	Other pairs
PI533941	PI533941	2:PI533941	2:PI533941	UN		1	0	0	0	-1	0.921087	0	0.0257	7990	1689	102274	584	15	PI533941	PI533941	WGS	RNA	Other pairs
PI533942	PI533942	2:PI533942	2:PI533942	UN		1	0	0	0	-1	0.922508	0	0.0136	8210	2033	108821	664	9	PI533942	PI533942	WGS	RNA	Other pairs
PI533943	PI533943	2:PI533943	2:PI533943	UN		1	0	0	0	-1	0.656658	0	0.0035	44545	3848	86950	853	3	PI533943	PI533943	WGS	RNA	Other pairs
PI533944	PI533944	2:PI533944	2:PI533944	UN		1	0	0	0	-1	0.897115	0	0.0113	12422	2526	118065	708	8	PI533944	PI533944	WGS	RNA	Other pairs
PI533946	PI533946	2:PI533946	2:PI533946	UN		1	0	0	0	-1	0.930769	0	0.0219	5676	1462	85407	547	12	PI533946	PI533946	WGS	RNA	Other pairs
PI533947	PI533947	2:PI533947	2:PI533947	UN		0	0	1	1	-1	0.942587	0	0.0294	5656	1827	106942	612	18	PI533947	PI533947	WGS	RNA	Other pairs
PI533948	PI533948	2:PI533948	2:PI533948	UN		1	0	0	0	-1	0.638135	0	0.0011	47883	2374	85346	926	1	PI533948	PI533948	WGS	RNA	Other pairs
PI533949	PI533949	2:PI533949	2:PI533949	UN		0	0	1	1	-1	0.949207	0	0.0411	5601	2574	127434	535	22	PI533949	PI533949	WGS	RNA	Other pairs
PI533950	PI533950	2:PI533950	2:PI533950	UN		1	0	0	0	-1	0.925932	0	0.0078	6501	1544	90149	639	5	PI533950	PI533950	WGS	RNA	Other pairs
PI533952	PI533952	2:PI533952	2:PI533952	UN		1	0	0	0	-1	0.726198	0	0.0027	35168	2245	95130	742	2	PI533952	PI533952	WGS	RNA	Other pairs
PI533953	PI533953	2:PI533953	2:PI533953	UN		0	0	1	1	-1	0.951765	0	0.0334	3550	1047	79855	479	16	PI533953	PI533953	WGS	RNA	Other pairs
PI533955	PI533955	2:PI533955	2:PI533955	UN		0	0	1	1	-1	0.950729	0	0.0421	5466	2421	127619	522	22	PI533955	PI533955	WGS	RNA	Other pairs
PI533956	PI533956	2:PI533956	2:PI533956	UN		1	0	0	0	-1	0.927565	0	0.0192	8459	2661	124028	624	12	PI533956	PI533956	WGS	RNA	Other pairs
PI533957	PI533957	2:PI533957	2:PI533957	UN		1	0	0	0	-1	0.930782	0	0.0424	8008	2697	124469	637	27	PI533957	PI533957	WGS	RNA	Other pairs
PI533958	PI533958	2:PI533958	2:PI533958	UN		1	0	0	0	-1	0.932358	0	0.0218	6451	2125	102502	642	14	PI533958	PI533958	WGS	RNA	Other pairs
PI533960	PI533960	2:PI533960	2:PI533960	UN		1	0	0	0	-1	0.899357	0	0.009	12109	2382	117659	668	6	PI533960	PI533960	WGS	RNA	Other pairs
PI533961	PI533961	2:PI533961	2:PI533961	UN		1	0	0	0	-1	0.701514	0	0.0047	38198	2360	91368	848	4	PI533961	PI533961	WGS	RNA	Other pairs
PI533962	PI533962	2:PI533962	2:PI533962	UN		0	0	1	1	-1	0.939852	0	0.0227	6680	2935	125842	573	13	PI533962	PI533962	WGS	RNA	Other pairs
PI533963	PI533963	2:PI533963	2:PI533963	UN		1	0	0	0	-1	0.693653	0	0.0039	39863	1804	91401	765	3	PI533963	PI533963	WGS	RNA	Other pairs
PI533964	PI533964	2:PI533964	2:PI533964	UN		1	0	0	0	-1	0.904752	0	0.0153	11716	2366	121343	652	10	PI533964	PI533964	WGS	RNA	Other pairs
PI533965	PI533965	2:PI533965	2:PI533965	UN		1	0	0	0	-1	0.925291	0	0.0271	9018	2230	124385	627	17	PI533965	PI533965	WGS	RNA	Other pairs
PI533966	PI533966	2:PI533966	2:PI533966	UN		0	0	1	1	-1	0.949008	0	0.0199	5963	1717	126095	554	11	PI533966	PI533966	WGS	RNA	Other pairs
PI533967	PI533967	2:PI533967	2:PI533967	UN		0	0	1	1	-1	0.932743	0	0.0247	7516	3204	124850	607	15	PI533967	PI533967	WGS	RNA	Other pairs
PI533968	PI533968	2:PI533968	2:PI533968	UN		0	0	1	1	-1	0.943558	0	0.0241	5940	1743	112999	582	14	PI533968	PI533968	WGS	RNA	Other pairs
PI533969	PI533969	2:PI533969	2:PI533969	UN		0	0	1	1	-1	0.946255	0	0.0269	6075	2255	125682	558	15	PI533969	PI533969	WGS	RNA	Other pairs
PI533970	PI533970	2:PI533970	2:PI533970	UN		0	0	1	1	-1	0.936582	0	0.0231	7383	2424	125722	607	14	PI533970	PI533970	WGS	RNA	Other pairs
PI533971	PI533971	2:PI533971	2:PI533971	UN		1	0	0	0	-1	0.92182	0	0.0132	8830	2199	115979	606	8	PI533971	PI533971	WGS	RNA	Other pairs
PI533974	PI533974	2:PI533974	2:PI533974	UN		0	0	1	1	-1	0.940402	0	0.0368	7099	1844	125642	570	21	PI533974	PI533974	WGS	RNA	Other pairs
PI533975	PI533975	2:PI533975	2:PI533975	UN		0	0	1	1	-1	0.943863	0	0.0286	6572	1890	125442	559	16	PI533975	PI533975	WGS	RNA	Other pairs
PI533976	PI533976	2:PI533976	2:PI533976	UN		1	0	0	0	-1	0.929687	0	0.0216	7948	3152	124352	601	13	PI533976	PI533976	WGS	RNA	Other pairs
PI533977	PI533977	2:PI533977	2:PI533977	UN		0	0	1	1	-1	0.938368	0	0.0151	7130	1940	122356	595	9	PI533977	PI533977	WGS	RNA	Other pairs
PI533978	PI533978	2:PI533978	2:PI533978	UN		0	0	1	1	-1	0.941492	0	0.0202	6119	1870	112576	593	12	PI533978	PI533978	WGS	RNA	Other pairs
PI533979	PI533979	2:PI533979	2:PI533979	UN		0	0	1	1	-1	0.954417	0	0.0707	5207	1953	128495	481	34	PI533979	PI533979	WGS	RNA	Other pairs
PI533980	PI533980	2:PI533980	2:PI533980	UN		1	0	0	0	-1	0.887697	0	0.0059	13874	2674	118898	677	4	PI533980	PI533980	WGS	RNA	Other pairs
PI533981	PI533981	2:PI533981	2:PI533981	UN		0	0	1	1	-1	0.948493	0	0.0309	6027	1743	126162	517	16	PI533981	PI533981	WGS	RNA	Other pairs
PI533982	PI533982	2:PI533982	2:PI533982	UN		0	0	1	1	-1	0.95335	0	0.0467	5189	2140	126841	514	24	PI533982	PI533982	WGS	RNA	Other pairs
PI533983	PI533983	2:PI533983	2:PI533983	UN		0	0	1	1	-1	0.948737	0	0.026	5781	1946	124026	578	15	PI533983	PI533983	WGS	RNA	Other pairs
PI533984	PI533984	2:PI533984	2:PI533984	UN		0	0	1	1	-1	0.945372	0	0.0218	6222	2190	125530	596	13	PI533984	PI533984	WGS	RNA	Other pairs
PI533985	PI533985	2:PI533985	2:PI533985	UN		1	0	0	0	-1	0.917393	0	0.0092	9809	2760	122879	649	6	PI533985	PI533985	WGS	RNA	Other pairs
PI533986	PI533986	2:PI533986	2:PI533986	UN		0	0	1	1	-1	0.942128	0	0.0205	6589	2490	126289	586	12	PI533986	PI533986	WGS	RNA	Other pairs
PI533987	PI533987	2:PI533987	2:PI533987	UN		0	0	1	1	-1	0.940518	0	0.0182	6759	2577	125957	604	11	PI533987	PI533987	WGS	RNA	Other pairs
PI533988	PI533988	2:PI533988	2:PI533988	UN		0	0	1	1	-1	0.95454	0	0.0259	3263	1227	80783	502	13	PI533988	PI533988	WGS	RNA	Other pairs
PI533989	PI533989	2:PI533989	2:PI533989	UN		0	0	1	1	-1	0.939709	0	0.0259	6247	3878	125649	579	15	PI533989	PI533989	WGS	RNA	Other pairs
PI533990	PI533990	2:PI533990	2:PI533990	UN		1	0	0	0	-1	0.935947	0	0.0143	4824	1198	78642	560	8	PI533990	PI533990	WGS	RNA	Other pairs
PI533991	PI533991	2:PI533991	2:PI533991	UN		1	0	0	0	-1	0.930789	0	0.0189	8124	2523	124961	583	11	PI533991	PI533991	WGS	RNA	Other pairs
PI533992	PI533992	2:PI533992	2:PI533992	UN		1	0	0	0	-1	0.931757	0	0.0176	7399	1831	112606	624	11	PI533992	PI533992	WGS	RNA	Other pairs
PI533993	PI533993	2:PI533993	2:PI533993	UN		0	0	1	1	-1	0.949273	0	0.048	5808	2003	126426	563	27	PI533993	PI533993	WGS	RNA	Other pairs
PI533994	PI533994	2:PI533994	2:PI533994	UN		0.4834	0	0.5166	0.5166	-1	0.907993	0	0.0313	6977	10789	116697	607	19	PI533994	PI533994	WGS	RNA	Other pairs
PI533995	PI533995	2:PI533995	2:PI533995	UN		0	0	1	1	-1	0.941562	0	0.0233	6626	1898	121101	601	14	PI533995	PI533995	WGS	RNA	Other pairs
PI533996	PI533996	2:PI533996	2:PI533996	UN		1	0	0	0	-1	0.680055	0	0.0066	40944	4849	89757	758	5	PI533996	PI533996	WGS	RNA	Other pairs
PI533997	PI533997	2:PI533997	2:PI533997	UN		0	0	1	1	-1	0.937193	0	0.0538	6752	3481	124983	576	31	PI533997	PI533997	WGS	RNA	Other pairs
PI533999	PI533999	2:PI533999	2:PI533999	UN		1	0	0	0	-1	0.930242	0	0.032	8232	2219	123461	625	20	PI533999	PI533999	WGS	RNA	Other pairs
PI534001	PI534001	2:PI534001	2:PI534001	UN		0	0	1	1	-1	0.948383	0	0.0284	5807	2028	124311	563	16	PI534001	PI534001	WGS	RNA	Other pairs
PI534002	PI534002	2:PI534002	2:PI534002	UN		0	0	1	1	-1	0.946113	0	0.0242	5652	1932	115229	578	14	PI534002	PI534002	WGS	RNA	Other pairs
PI534004	PI534004	2:PI534004	2:PI534004	UN		1	0	0	0	-1	0.927696	0	0.0309	8286	2141	118978	647	20	PI534004	PI534004	WGS	RNA	Other pairs
PI534005	PI534005	2:PI534005	2:PI534005	UN		1	0	0	0	-1	0.924666	0	0.023	8862	2424	122438	652	15	PI534005	PI534005	WGS	RNA	Other pairs
PI534006	PI534006	2:PI534006	2:PI534006	UN		0	0	1	1	-1	0.941316	0	0.0253	5630	1760	103543	594	15	PI534006	PI534006	WGS	RNA	Other pairs
PI534007	PI534007	2:PI534007	2:PI534007	UN		1	0	0	0	-1	0.926708	0	0.0281	8489	2586	122391	641	18	PI534007	PI534007	WGS	RNA	Other pairs
PI534008	PI534008	2:PI534008	2:PI534008	UN		0	0	1	1	-1	0.943086	0	0.0418	6441	2113	123181	598	25	PI534008	PI534008	WGS	RNA	Other pairs
PI534009	PI534009	2:PI534009	2:PI534009	UN		1	0	0	0	-1	0.86939	0	0.047	14485	6410	114546	659	31	PI534009	PI534009	WGS	RNA	Other pairs
PI534010	PI534010	2:PI534010	2:PI534010	UN		1	0	0	0	-1	0.926037	0	0.0165	5900	1664	83455	607	10	PI534010	PI534010	WGS	RNA	Other pairs
PI534011	PI534011	2:PI534011	2:PI534011	UN		0	0	1	1	-1	0.94133	0	0.0455	5512	1786	101872	593	27	PI534011	PI534011	WGS	RNA	Other pairs
PI534013	PI534013	2:PI534013	2:PI534013	UN		0	0	1	1	-1	0.948939	0	0.0243	4978	1847	108752	577	14	PI534013	PI534013	WGS	RNA	Other pairs
PI534014	PI534014	2:PI534014	2:PI534014	UN		1	0	0	0	-1	0.925202	0	0.0279	7830	2321	110046	645	18	PI534014	PI534014	WGS	RNA	Other pairs
PI534015	PI534015	2:PI534015	2:PI534015	UN		1	0	0	0	-1	0.931829	0	0.0313	7735	2660	122579	638	20	PI534015	PI534015	WGS	RNA	Other pairs
PI534016	PI534016	2:PI534016	2:PI534016	UN		0	0	1	1	-1	0.943225	0	0.0364	5908	2235	115599	604	22	PI534016	PI534016	WGS	RNA	Other pairs
PI534017	PI534017	2:PI534017	2:PI534017	UN		1	0	0	0	-1	0.929908	0	0.0248	6261	1865	94504	606	15	PI534017	PI534017	WGS	RNA	Other pairs
PI534019	PI534019	2:PI534019	2:PI534019	UN		1	0	0	0	-1	0.933595	0	0.0393	7507	2670	122976	610	24	PI534019	PI534019	WGS	RNA	Other pairs
PI534020	PI534020	2:PI534020	2:PI534020	UN		1	0	0	0	-1	0.896371	0	0.0058	12365	2377	116047	685	4	PI534020	PI534020	WGS	RNA	Other pairs
PI534024	PI534024	2:PI534024	2:PI534024	UN		1	0	0	0	-1	0.851033	0	0.0229	10058	19663	103795	699	16	PI534024	PI534024	WGS	RNA	Other pairs
PI534025	PI534025	2:PI534025	2:PI534025	UN		0	0	1	1	-1	0.949102	0	0.0403	5671	2197	125133	596	24	PI534025	PI534025	WGS	RNA	Other pairs
PI534028	PI534028	2:PI534028	2:PI534028	UN		0	0	1	1	-1	0.936984	0	0.052	7040	3009	125544	615	32	PI534028	PI534028	WGS	RNA	Other pairs
PI534030	PI534030	2:PI534030	2:PI534030	UN		1	0	0	0	-1	0.924702	0	0.0299	8802	2398	121619	668	20	PI534030	PI534030	WGS	RNA	Other pairs
PI534032	PI534032	2:PI534032	2:PI534032	UN		0	0	1	1	-1	0.944073	0	0.0259	6160	2312	122342	618	16	PI534032	PI534032	WGS	RNA	Other pairs
PI534035	PI534035	2:PI534035	2:PI534035	UN		1	0	0	0	-1	0.911833	0	0.0061	10383	2592	119489	653	4	PI534035	PI534035	WGS	RNA	Other pairs
PI534036	PI534036	2:PI534036	2:PI534036	UN		1	0	0	0	-1	0.87975	0	0.0042	13911	2322	109106	713	3	PI534036	PI534036	WGS	RNA	Other pairs
PI534037	PI534037	2:PI534037	2:PI534037	UN		0	0	1	1	-1	0.93515	0	0.0479	7481	2552	125002	605	29	PI534037	PI534037	WGS	RNA	Other pairs
PI534038	PI534038	2:PI534038	2:PI534038	UN		1	0	0	0	-1	0.931799	0	0.0209	8060	2107	123460	621	13	PI534038	PI534038	WGS	RNA	Other pairs
PI534040	PI534040	2:PI534040	2:PI534040	UN		0	0	1	1	-1	0.948028	0	0.0366	5935	2030	125760	574	21	PI534040	PI534040	WGS	RNA	Other pairs
PI534043	PI534043	2:PI534043	2:PI534043	UN		0	0	1	1	-1	0.950963	0	0.0276	5321	2390	125169	544	15	PI534043	PI534043	WGS	RNA	Other pairs
PI534045	PI534045	2:PI534045	2:PI534045	UN		1	0	0	0	-1	0.928716	0	0.0131	8486	2122	123322	610	8	PI534045	PI534045	WGS	RNA	Other pairs
PI534046	PI534046	2:PI534046	2:PI534046	UN		1	0	0	0	-1	0.926319	0	0.0161	8659	2614	123985	622	10	PI534046	PI534046	WGS	RNA	Other pairs
PI534047	PI534047	2:PI534047	2:PI534047	UN		1	0	0	0	-1	0.932132	0	0.0259	7580	3236	124711	617	16	PI534047	PI534047	WGS	RNA	Other pairs
PI534049	PI534049	2:PI534049	2:PI534049	UN		0	0	1	1	-1	0.936395	0	0.0214	7421	2248	124676	608	13	PI534049	PI534049	WGS	RNA	Other pairs
PI534050	PI534050	2:PI534050	2:PI534050	UN		0	0	1	1	-1	0.93668	0	0.0128	7356	2161	123719	624	8	PI534050	PI534050	WGS	RNA	Other pairs
PI534051	PI534051	2:PI534051	2:PI534051	UN		0	0	1	1	-1	0.946044	0	0.0151	6268	1952	126037	597	9	PI534051	PI534051	WGS	RNA	Other pairs
PI534053	PI534053	2:PI534053	2:PI534053	UN		0	0	1	1	-1	0.939504	0	0.0461	6875	2631	125882	608	28	PI534053	PI534053	WGS	RNA	Other pairs
PI534054	PI534054	2:PI534054	2:PI534054	UN		0	0	1	1	-1	0.94607	0	0.0605	6178	2236	126872	529	32	PI534054	PI534054	WGS	RNA	Other pairs
PI534055	PI534055	2:PI534055	2:PI534055	UN		1	0	0	0	-1	0.898211	0	0.0216	12262	2701	118769	694	15	PI534055	PI534055	WGS	RNA	Other pairs
PI534057	PI534057	2:PI534057	2:PI534057	UN		1	0	0	0	-1	0.890998	0	0.0084	12927	2012	112884	716	6	PI534057	PI534057	WGS	RNA	Other pairs
PI534058	PI534058	2:PI534058	2:PI534058	UN		1	0	0	0	-1	0.925586	0	0.0189	8837	2205	122528	635	12	PI534058	PI534058	WGS	RNA	Other pairs
PI534059	PI534059	2:PI534059	2:PI534059	UN		1	0	0	0	-1	0.934089	0	0.0353	7473	2188	120318	623	22	PI534059	PI534059	WGS	RNA	Other pairs
PI534060	PI534060	2:PI534060	2:PI534060	UN		0	0	1	1	-1	0.947445	0	0.0224	4100	1423	86028	536	12	PI534060	PI534060	WGS	RNA	Other pairs
PI534062	PI534062	2:PI534062	2:PI534062	UN		1	0	0	0	-1	0.887204	0	0.0084	12140	2149	102865	711	6	PI534062	PI534062	WGS	RNA	Other pairs
PI534065	PI534065	2:PI534065	2:PI534065	UN		1	0	0	0	-1	0.913651	0	0.0142	10233	2438	119954	702	10	PI534065	PI534065	WGS	RNA	Other pairs
PI534066	PI534066	2:PI534066	2:PI534066	UN		0	0	1	1	-1	0.949127	0	0.047	5683	2224	125662	575	27	PI534066	PI534066	WGS	RNA	Other pairs
PI534067	PI534067	2:PI534067	2:PI534067	UN		1	0	0	0	-1	0.914086	0	0.0163	10117	2551	119935	676	11	PI534067	PI534067	WGS	RNA	Other pairs
PI534069	PI534069	2:PI534069	2:PI534069	UN		1	0	0	0	-1	0.927075	0	0.021	8424	2560	122084	668	14	PI534069	PI534069	WGS	RNA	Other pairs
PI534070	PI534070	2:PI534070	2:PI534070	UN		1	0	0	0	-1	0.918622	0	0.0286	9457	3094	122669	630	18	PI534070	PI534070	WGS	RNA	Other pairs
PI534072	PI534072	2:PI534072	2:PI534072	UN		0	0	1	1	-1	0.942584	0	0.0248	6482	2297	124119	604	15	PI534072	PI534072	WGS	RNA	Other pairs
PI534073	PI534073	2:PI534073	2:PI534073	UN		1	0	0	0	-1	0.903947	0	0.0091	11668	2286	119420	658	6	PI534073	PI534073	WGS	RNA	Other pairs
PI534074	PI534074	2:PI534074	2:PI534074	UN		1	0	0	0	-1	0.931723	0	0.0151	5111	1647	80160	596	9	PI534074	PI534074	WGS	RNA	Other pairs
PI534075	PI534075	2:PI534075	2:PI534075	UN		1	0	0	0	-1	0.641117	0	0.0055	46400	4237	84556	903	5	PI534075	PI534075	WGS	RNA	Other pairs
PI534076	PI534076	2:PI534076	2:PI534076	UN		1	0	0	0	-1	0.932278	0	0.0186	4894	1340	75925	590	11	PI534076	PI534076	WGS	RNA	Other pairs
PI534077	PI534077	2:PI534077	2:PI534077	UN		1	0	0	0	-1	0.933474	0	0.0173	7613	2407	122507	637	11	PI534077	PI534077	WGS	RNA	Other pairs
PI534078	PI534078	2:PI534078	2:PI534078	UN		1	0	0	0	-1	0.904	0	0.0086	11499	2637	119380	695	6	PI534078	PI534078	WGS	RNA	Other pairs
PI534080	PI534080	2:PI534080	2:PI534080	UN		0	0	1	1	-1	0.941187	0	0.0305	6725	2236	124394	622	19	PI534080	PI534080	WGS	RNA	Other pairs
PI534081	PI534081	2:PI534081	2:PI534081	UN		0	0	1	1	-1	0.937819	0	0.017	5014	1630	87099	588	10	PI534081	PI534081	WGS	RNA	Other pairs
PI534082	PI534082	2:PI534082	2:PI534082	UN		1	0	0	0	-1	0.913779	0	0.0269	10419	2145	120715	668	18	PI534082	PI534082	WGS	RNA	Other pairs
PI534083	PI534083	2:PI534083	2:PI534083	UN		0	0	1	1	-1	0.943305	0	0.0259	5651	1869	108636	580	15	PI534083	PI534083	WGS	RNA	Other pairs
PI534084	PI534084	2:PI534084	2:PI534084	UN		1	0	0	0	-1	0.899639	0	0.0272	10583	5199	115569	662	18	PI534084	PI534084	WGS	RNA	Other pairs
PI534085	PI534085	2:PI534085	2:PI534085	UN		0	0	1	1	-1	0.944669	0	0.039	6010	2584	123376	589	23	PI534085	PI534085	WGS	RNA	Other pairs
PI534087	PI534087	2:PI534087	2:PI534087	UN		1	0	0	0	-1	0.868713	0	0.0739	12511	9780	110251	636	47	PI534087	PI534087	WGS	RNA	Other pairs
PI534088	PI534088	2:PI534088	2:PI534088	UN		1	0	0	0	-1	0.672437	0	0.0071	42682	3361	89389	843	6	PI534088	PI534088	WGS	RNA	Other pairs
PI534089	PI534089	2:PI534089	2:PI534089	UN		0	0	1	1	-1	0.936667	0	0.0178	7258	2107	121870	617	11	PI534089	PI534089	WGS	RNA	Other pairs
PI534090	PI534090	2:PI534090	2:PI534090	UN		1	0	0	0	-1	0.932886	0	0.0268	7808	2266	123147	635	17	PI534090	PI534090	WGS	RNA	Other pairs
PI534091	PI534091	2:PI534091	2:PI534091	UN		1	0	0	0	-1	0.934605	0	0.0192	7655	2129	123551	626	12	PI534091	PI534091	WGS	RNA	Other pairs
PI534092	PI534092	2:PI534092	2:PI534092	UN		1	0	0	0	-1	0.902724	0	0.034	9786	6790	118925	677	23	PI534092	PI534092	WGS	RNA	Other pairs
PI534094	PI534094	2:PI534094	2:PI534094	UN		1	0	0	0	-1	0.919301	0	0.0125	8988	2077	113181	638	8	PI534094	PI534094	WGS	RNA	Other pairs
PI534096	PI534096	2:PI534096	2:PI534096	UN		1	0	0	0	-1	0.612947	0	0	50428	3015	80739	908	0	PI534096	PI534096	WGS	RNA	Other pairs
PI534097	PI534097	2:PI534097	2:PI534097	UN		0	0	1	1	-1	0.947774	0	0.0511	5892	2345	127031	567	29	PI534097	PI534097	WGS	RNA	Other pairs
PI534098	PI534098	2:PI534098	2:PI534098	UN		1	0	0	0	-1	0.653867	0	0.0011	44492	2618	85212	873	1	PI534098	PI534098	WGS	RNA	Other pairs
PI534099	PI534099	2:PI534099	2:PI534099	UN		1	0	0	0	-1	0.928695	0	0.0316	8114	3121	124442	602	19	PI534099	PI534099	WGS	RNA	Other pairs
PI534100	PI534100	2:PI534100	2:PI534100	UN		0	0	1	1	-1	0.947568	0	0.0212	6085	1897	126163	518	11	PI534100	PI534100	WGS	RNA	Other pairs
PI534101	PI534101	2:PI534101	2:PI534101	UN		0	0	1	1	-1	0.943273	0	0.0213	6312	2044	120931	609	13	PI534101	PI534101	WGS	RNA	Other pairs
PI534102	PI534102	2:PI534102	2:PI534102	UN		0	0	1	1	-1	0.95174	0	0.0356	5467	1961	126170	533	19	PI534102	PI534102	WGS	RNA	Other pairs
PI534103	PI534103	2:PI534103	2:PI534103	UN		1	0	0	0	-1	0.93512	0	0.0336	7351	2012	119444	565	19	PI534103	PI534103	WGS	RNA	Other pairs
PI534105	PI534105	2:PI534105	2:PI534105	UN		0	0	1	1	-1	0.947362	0	0.0465	5989	2301	127343	538	25	PI534105	PI534105	WGS	RNA	Other pairs
PI534106	PI534106	2:PI534106	2:PI534106	UN		1	0	0	0	-1	0.935519	0	0.0301	7071	1752	114423	598	18	PI534106	PI534106	WGS	RNA	Other pairs
PI534107	PI534107	2:PI534107	2:PI534107	UN		0	0	1	1	-1	0.955657	0	0.0389	4438	1328	109291	488	19	PI534107	PI534107	WGS	RNA	Other pairs
PI534108	PI534108	2:PI534108	2:PI534108	UN		1	0	0	0	-1	0.928806	0	0.014	8196	1851	118075	570	8	PI534108	PI534108	WGS	RNA	Other pairs
PI534109	PI534109	2:PI534109	2:PI534109	UN		0	0	1	1	-1	0.956208	0	0.0472	4848	2053	127245	530	25	PI534109	PI534109	WGS	RNA	Other pairs
PI534110	PI534110	2:PI534110	2:PI534110	UN		0	0	1	1	-1	0.952023	0	0.0242	3028	1015	69648	454	11	PI534110	PI534110	WGS	RNA	Other pairs
PI534112	PI534112	2:PI534112	2:PI534112	UN		1	0	0	0	-1	0.932378	0	0.0206	7799	2054	120667	583	12	PI534112	PI534112	WGS	RNA	Other pairs
PI534113	PI534113	2:PI534113	2:PI534113	UN		0	0	1	1	-1	0.937289	0	0.016	7413	1993	124694	561	9	PI534113	PI534113	WGS	RNA	Other pairs
PI534114	PI534114	2:PI534114	2:PI534114	UN		1	0	0	0	-1	0.923556	0	0.0278	9004	2712	123808	611	17	PI534114	PI534114	WGS	RNA	Other pairs
PI534115	PI534115	2:PI534115	2:PI534115	UN		0	0	1	1	-1	0.9453	0	0.0483	5500	3854	126423	518	25	PI534115	PI534115	WGS	RNA	Other pairs
PI534117	PI534117	2:PI534117	2:PI534117	UN		0	0	1	1	-1	0.94124	0	0.0482	6722	2451	126081	581	28	PI534117	PI534117	WGS	RNA	Other pairs
PI534118	PI534118	2:PI534118	2:PI534118	UN		1	0	0	0	-1	0.917352	0	0.0195	9658	2681	120738	665	13	PI534118	PI534118	WGS	RNA	Other pairs
PI534120	PI534120	2:PI534120	2:PI534120	UN		1	0	0	0	-1	0.929805	0	0.0304	8088	2449	122129	658	20	PI534120	PI534120	WGS	RNA	Other pairs
PI534121	PI534121	2:PI534121	2:PI534121	UN		1	0	0	0	-1	0.690503	0	0.0059	33697	1950	76380	847	5	PI534121	PI534121	WGS	RNA	Other pairs
PI534122	PI534122	2:PI534122	2:PI534122	UN		1	0	0	0	-1	0.934147	0	0.0256	6206	1651	98918	624	16	PI534122	PI534122	WGS	RNA	Other pairs
PI534123	PI534123	2:PI534123	2:PI534123	UN		1	0	0	0	-1	0.826378	0	0.0098	20922	2340	103980	716	7	PI534123	PI534123	WGS	RNA	Other pairs
PI534124	PI534124	2:PI534124	2:PI534124	UN		1	0	0	0	-1	0.840544	0	0.0133	19497	3419	110077	753	10	PI534124	PI534124	WGS	RNA	Other pairs
PI534127	PI534127	2:PI534127	2:PI534127	UN		1	0	0	0	-1	0.806631	0	0.0024	23949	3183	104950	830	2	PI534127	PI534127	WGS	RNA	Other pairs
PI534128	PI534128	2:PI534128	2:PI534128	UN		1	0	0	0	-1	0.908571	0	0.0156	10531	3632	120881	706	11	PI534128	PI534128	WGS	RNA	Other pairs
PI534130	PI534130	2:PI534130	2:PI534130	UN		1	0	0	0	-1	0.861783	0	0.0073	15377	3184	104210	688	5	PI534130	PI534130	WGS	RNA	Other pairs
PI534132	PI534132	2:PI534132	2:PI534132	UN		0	0	1	1	-1	0.939132	0	0.0241	6967	2131	122867	623	15	PI534132	PI534132	WGS	RNA	Other pairs
PI534133	PI534133	2:PI534133	2:PI534133	UN		1	0	0	0	-1	0.921893	0	0.0301	9005	3092	122987	665	20	PI534133	PI534133	WGS	RNA	Other pairs
PI534134	PI534134	2:PI534134	2:PI534134	UN		0	0	1	1	-1	0.937428	0	0.0311	7041	2514	123060	643	20	PI534134	PI534134	WGS	RNA	Other pairs
PI534135	PI534135	2:PI534135	2:PI534135	UN		1	0	0	0	-1	0.6559	0	0.0046	44970	3210	87173	870	4	PI534135	PI534135	WGS	RNA	Other pairs
PI534136	PI534136	2:PI534136	2:PI534136	UN		1	0	0	0	-1	0.895003	0	0.0247	12015	3989	117424	689	17	PI534136	PI534136	WGS	RNA	Other pairs
PI534137	PI534137	2:PI534137	2:PI534137	UN		0	0	1	1	-1	0.938894	0	0.0572	6824	2834	125207	629	36	PI534137	PI534137	WGS	RNA	Other pairs
PI534139	PI534139	2:PI534139	2:PI534139	UN		1	0	0	0	-1	0.835629	0	0.0133	20182	4144	111063	751	10	PI534139	PI534139	WGS	RNA	Other pairs
PI534141	PI534141	2:PI534141	2:PI534141	UN		1	0	0	0	-1	0.918345	0	0.0253	9802	2069	120839	633	16	PI534141	PI534141	WGS	RNA	Other pairs
PI534142	PI534142	2:PI534142	2:PI534142	UN		0	0	1	1	-1	0.938224	0	0.0314	7113	2318	124473	606	19	PI534142	PI534142	WGS	RNA	Other pairs
PI534144	PI534144	2:PI534144	2:PI534144	UN		1	0	0	0	-1	0.87974	0	0.0208	14615	2049	113383	674	14	PI534144	PI534144	WGS	RNA	Other pairs
PI534146	PI534146	2:PI534146	2:PI534146	UN		0	0	1	1	-1	0.9431	0	0.021	6560	1785	122631	523	11	PI534146	PI534146	WGS	RNA	Other pairs
PI534147	PI534147	2:PI534147	2:PI534147	UN		0	0	1	1	-1	0.948036	0	0.0215	5134	1936	110357	604	13	PI534147	PI534147	WGS	RNA	Other pairs
PI534148	PI534148	2:PI534148	2:PI534148	UN		1	0	0	0	-1	0.777981	0	0.0088	28119	2463	101616	797	7	PI534148	PI534148	WGS	RNA	Other pairs
PI534150	PI534150	2:PI534150	2:PI534150	UN		0	0	1	1	-1	0.944762	0	0.0338	6141	2092	121877	592	20	PI534150	PI534150	WGS	RNA	Other pairs
PI534151	PI534151	2:PI534151	2:PI534151	UN		0	0	1	1	-1	0.93568	0	0.0233	7385	2375	123519	643	15	PI534151	PI534151	WGS	RNA	Other pairs
PI534153	PI534153	2:PI534153	2:PI534153	UN		1	0	0	0	-1	0.931284	0	0.0222	8086	2207	123438	630	14	PI534153	PI534153	WGS	RNA	Other pairs
PI534154	PI534154	2:PI534154	2:PI534154	UN		1	0	0	0	-1	0.926627	0	0.0113	8772	2169	123393	621	7	PI534154	PI534154	WGS	RNA	Other pairs
PI534155	PI534155	2:PI534155	2:PI534155	UN		1	0	0	0	-1	0.919786	0	0.0388	9034	3594	122398	645	25	PI534155	PI534155	WGS	RNA	Other pairs
PI534156	PI534156	2:PI534156	2:PI534156	UN		1	0	0	0	-1	0.64257	0	0	46383	2296	84301	877	0	PI534156	PI534156	WGS	RNA	Other pairs
PI534157	PI534157	2:PI534157	2:PI534157	UN		0	0	1	1	-1	0.939202	0	0.0129	7255	1600	123634	544	7	PI534157	PI534157	WGS	RNA	Other pairs
PI534158	PI534158	2:PI534158	2:PI534158	UN		1	0	0	0	-1	0.649606	0	0.0011	45809	2390	85947	903	1	PI534158	PI534158	WGS	RNA	Other pairs
PI534159	PI534159	2:PI534159	2:PI534159	UN		0	0	1	1	-1	0.935577	0	0.0266	7143	2315	119385	640	17	PI534159	PI534159	WGS	RNA	Other pairs
PI534160	PI534160	2:PI534160	2:PI534160	UN		1	0	0	0	-1	0.93252	0	0.0285	8043	1945	123615	597	17	PI534160	PI534160	WGS	RNA	Other pairs
PI534162	PI534162	2:PI534162	2:PI534162	UN		1	0	0	0	-1	0.911047	0	0.0098	10678	2339	120172	713	7	PI534162	PI534162	WGS	RNA	Other pairs
PI534163	PI534163	2:PI534163	2:PI534163	UN		0	0	1	1	-1	0.946189	0	0.0265	5981	2622	126909	566	15	PI534163	PI534163	WGS	RNA	Other pairs
PI534164	PI534164	2:PI534164	2:PI534164	UN		1	0	0	0	-1	0.91838	0	0.0121	9629	2447	120887	663	8	PI534164	PI534164	WGS	RNA	Other pairs
PI534165	PI534165	2:PI534165	2:PI534165	UN		1	0	0	0	-1	0.92684	0	0.0179	8494	2194	120409	614	11	PI534165	PI534165	WGS	RNA	Other pairs
PI534166	PI534166	2:PI534166	2:PI534166	UN		1	0	0	0	-1	0.672935	0	0.0034	42266	2740	88411	885	3	PI534166	PI534166	WGS	RNA	Other pairs
PI534167	PI534167	2:PI534167	2:PI534167	UN		1	0	0	0	-1	0.922507	0	0.0368	8386	4163	122527	652	24	PI534167	PI534167	WGS	RNA	Other pairs
PI542406	PI542406	2:PI542406	2:PI542406	UN		1	0	0	0	-1	0.914738	0	0.0271	10104	2826	122148	664	18	PI542406	PI542406	WGS	RNA	Other pairs
PI542718	PI542718	2:PI542718	2:PI542718	UN		0	0	1	1	-1	0.938154	0	0.0475	6874	2914	124918	631	30	PI542718	PI542718	WGS	RNA	Other pairs
PI548797	PI548797	2:PI548797	2:PI548797	UN		0	0	1	1	-1	0.937532	0	0.0237	7238	2468	125915	634	15	PI548797	PI548797	WGS	RNA	Other pairs
PI552861	PI552861	2:PI552861	2:PI552861	UN		0	0	1	1	-1	0.951116	0	0.0241	5872	1578	128810	456	11	PI552861	PI552861	WGS	RNA	Other pairs
PI561071	PI561071	2:PI561071	2:PI561071	UN		1	0	0	0	-1	0.925584	0	0.0177	8825	2506	124096	623	11	PI561071	PI561071	WGS	RNA	Other pairs
PI561072	PI561072	2:PI561072	2:PI561072	UN		1	0	0	0	-1	0.718531	0	0.004	37163	1928	96366	751	3	PI561072	PI561072	WGS	RNA	Other pairs
PI561073	PI561073	2:PI561073	2:PI561073	UN		1	0	0	0	-1	0.931805	0	0.0349	7756	2960	124720	601	21	PI561073	PI561073	WGS	RNA	Other pairs
PI564163	PI564163	2:PI564163	2:PI564163	UN		0	0	1	1	-1	0.978491	0	0.0036	1731	2419	132562	280	1	PI564163	PI564163	WGS	RNA	Other pairs
PI564164	PI564164	2:PI564164	2:PI564164	UN		1	0	0	0	-1	0.916009	0	0.039	7845	7071	120581	616	24	PI564164	PI564164	WGS	RNA	Other pairs
PI564165	PI564165	2:PI564165	2:PI564165	UN		0	0	1	1	-1	0.944911	0	0.0454	6061	2806	126622	573	26	PI564165	PI564165	WGS	RNA	Other pairs
PI565121	PI565121	2:PI565121	2:PI565121	UN		0	0	1	1	-1	0.9514	0	0.041	5474	2247	128029	536	22	PI565121	PI565121	WGS	RNA	Other pairs
PI576130	PI576130	2:PI576130	2:PI576130	UN		1	0	0	0	-1	0.790338	0	0.0038	26571	2060	103014	785	3	PI576130	PI576130	WGS	RNA	Other pairs
PI576328	PI576328	2:PI576328	2:PI576328	UN		0	0	1	1	-1	0.944142	0	0.0269	6532	1938	125818	595	16	PI576328	PI576328	WGS	RNA	Other pairs
PI576329	PI576329	2:PI576329	2:PI576329	UN		0	0	1	1	-1	0.952413	0	0.0506	5734	1325	127359	474	24	PI576329	PI576329	WGS	RNA	Other pairs
PI576330	PI576330	2:PI576330	2:PI576330	UN		1	0	0	0	-1	0.876028	0	0.0721	12315	8446	112640	666	48	PI576330	PI576330	WGS	RNA	Other pairs
PI576332	PI576332	2:PI576332	2:PI576332	UN		0	0	1	1	-1	0.947179	0	0.0599	5989	2327	127094	534	32	PI576332	PI576332	WGS	RNA	Other pairs
PI576333	PI576333	2:PI576333	2:PI576333	UN		0	0	1	1	-1	0.945081	0	0.0389	6549	1792	127222	514	20	PI576333	PI576333	WGS	RNA	Other pairs
PI576334	PI576334	2:PI576334	2:PI576334	UN		1	0	0	0	-1	0.687594	0	0.0081	40524	2420	90645	859	7	PI576334	PI576334	WGS	RNA	Other pairs
PI576335	PI576335	2:PI576335	2:PI576335	UN		1	0	0	0	-1	0.666333	0	0.0069	42458	3537	86552	874	6	PI576335	PI576335	WGS	RNA	Other pairs
PI576338	PI576338	2:PI576338	2:PI576338	UN		0	0	1	1	-1	0.953102	0	0.0345	5137	1673	120561	522	18	PI576338	PI576338	WGS	RNA	Other pairs
PI576339	PI576339	2:PI576339	2:PI576339	UN		0	0	1	1	-1	0.953105	0	0.0506	5245	2222	128071	514	26	PI576339	PI576339	WGS	RNA	Other pairs
PI576340	PI576340	2:PI576340	2:PI576340	UN		0	0	1	1	-1	0.950607	0	0.0498	5658	2070	127776	522	26	PI576340	PI576340	WGS	RNA	Other pairs
PI576343	PI576343	2:PI576343	2:PI576343	UN		0	0	1	1	-1	0.93733	0	0.018	7090	2011	120075	611	11	PI576343	PI576343	WGS	RNA	Other pairs
PI576345	PI576345	2:PI576345	2:PI576345	UN		0	0	1	1	-1	0.953059	0	0.0364	5317	2093	128155	522	19	PI576345	PI576345	WGS	RNA	Other pairs
PI576346	PI576346	2:PI576346	2:PI576346	UN		1	0	0	0	-1	0.675437	0	0.0037	41875	2361	88421	818	3	PI576346	PI576346	WGS	RNA	Other pairs
PI576347	PI576347	2:PI576347	2:PI576347	UN		1	0	0	0	-1	0.924187	0	0.0181	8692	2394	119354	662	12	PI576347	PI576347	WGS	RNA	Other pairs
PI576349	PI576349	2:PI576349	2:PI576349	UN		1	0	0	0	-1	0.899288	0	0.026	12163	2674	119208	731	19	PI576349	PI576349	WGS	RNA	Other pairs
PI576351	PI576351	2:PI576351	2:PI576351	UN		1	0	0	0	-1	0.926713	0	0.0144	8707	2296	123468	625	9	PI576351	PI576351	WGS	RNA	Other pairs
PI576352	PI576352	2:PI576352	2:PI576352	UN		0	0	1	1	-1	0.954341	0	0.0562	5046	2287	128226	516	29	PI576352	PI576352	WGS	RNA	Other pairs
PI576358	PI576358	2:PI576358	2:PI576358	UN		1	0	0	0	-1	0.925287	0	0.0244	8824	2227	121958	615	15	PI576358	PI576358	WGS	RNA	Other pairs
PI576359	PI576359	2:PI576359	2:PI576359	UN		0	0	1	1	-1	0.936489	0	0.0541	7167	2853	125287	592	32	PI576359	PI576359	WGS	RNA	Other pairs
PI576360	PI576360	2:PI576360	2:PI576360	UN		0	0	1	1	-1	0.940811	0	0.0315	6732	2266	123881	604	19	PI576360	PI576360	WGS	RNA	Other pairs
PI576361	PI576361	2:PI576361	2:PI576361	UN		1	0	0	0	-1	0.92323	0	0.0168	8902	2426	120430	653	11	PI576361	PI576361	WGS	RNA	Other pairs
PI576362	PI576362	2:PI576362	2:PI576362	UN		1	0	0	0	-1	0.91733	0	0.0173	6469	1775	80742	635	11	PI576362	PI576362	WGS	RNA	Other pairs
PI576363	PI576363	2:PI576363	2:PI576363	UN		0	0	1	1	-1	0.951973	0	0.0197	5139	2176	122340	557	11	PI576363	PI576363	WGS	RNA	Other pairs
PI576364	PI576364	2:PI576364	2:PI576364	UN		1	0	0	0	-1	0.917939	0	0.0114	9868	2497	123101	615	7	PI576364	PI576364	WGS	RNA	Other pairs
PI576366	PI576366	2:PI576366	2:PI576366	UN		1	0	0	0	-1	0.840752	0	0.0256	18408	6165	110377	743	19	PI576366	PI576366	WGS	RNA	Other pairs
PI576368	PI576368	2:PI576368	2:PI576368	UN		1	0	0	0	-1	0.893222	0	0.01	13027	2298	117436	703	7	PI576368	PI576368	WGS	RNA	Other pairs
PI576369	PI576369	2:PI576369	2:PI576369	UN		0	0	1	1	-1	0.950217	0	0.0442	5767	1857	126869	566	25	PI576369	PI576369	WGS	RNA	Other pairs
PI576370	PI576370	2:PI576370	2:PI576370	UN		1	0	0	0	-1	0.929551	0	0.0274	8364	2160	123531	621	17	PI576370	PI576370	WGS	RNA	Other pairs
PI576371	PI576371	2:PI576371	2:PI576371	UN		1	0	0	0	-1	0.919464	0	0.0196	9274	2007	116333	612	12	PI576371	PI576371	WGS	RNA	Other pairs
PI576372	PI576372	2:PI576372	2:PI576372	UN		1	0	0	0	-1	0.922077	0	0.0255	9270	2256	121914	628	16	PI576372	PI576372	WGS	RNA	Other pairs
PI576373	PI576373	2:PI576373	2:PI576373	UN		1	0	0	0	-1	0.934194	0	0.0285	7682	2483	125438	561	16	PI576373	PI576373	WGS	RNA	Other pairs
PI576374	PI576374	2:PI576374	2:PI576374	UN		0	0	1	1	-1	0.940995	0	0.0211	6804	2110	124279	568	12	PI576374	PI576374	WGS	RNA	Other pairs
PI576375	PI576375	2:PI576375	2:PI576375	UN		1	0	0	0	-1	0.896624	0	0.0055	12336	3208	119303	721	4	PI576375	PI576375	WGS	RNA	Other pairs
PI576376	PI576376	2:PI576376	2:PI576376	UN		1	0	0	0	-1	0.929629	0	0.0304	8184	2300	122156	658	20	PI576376	PI576376	WGS	RNA	Other pairs
PI576378	PI576378	2:PI576378	2:PI576378	UN		0.4914	0	0.5086	0.5086	-1	0.905048	0	0.0651	7125	11011	114884	614	40	PI576378	PI576378	WGS	RNA	Other pairs
PI576382	PI576382	2:PI576382	2:PI576382	UN		1	0	0	0	-1	0.92195	0	0.0132	8779	2027	114659	684	9	PI576382	PI576382	WGS	RNA	Other pairs
PI576383	PI576383	2:PI576383	2:PI576383	UN		1	0	0	0	-1	0.889894	0	0.0014	13511	2412	117739	716	1	PI576383	PI576383	WGS	RNA	Other pairs
PI576385	PI576385	2:PI576385	2:PI576385	UN		1	0	0	0	-1	0.752825	0	0.0131	28239	10407	96653	766	10	PI576385	PI576385	WGS	RNA	Other pairs
PI576386	PI576386	2:PI576386	2:PI576386	UN		1	0	0	0	-1	0.911814	0	0.0158	10589	2727	122221	633	10	PI576386	PI576386	WGS	RNA	Other pairs
PI576387	PI576387	2:PI576387	2:PI576387	UN		1	0	0	0	-1	0.916772	0	0.0197	9966	2615	122872	608	12	PI576387	PI576387	WGS	RNA	Other pairs
PI576389	PI576389	2:PI576389	2:PI576389	UN		0	0	1	1	-1	0.941378	0	0.0345	6906	1819	124595	580	20	PI576389	PI576389	WGS	RNA	Other pairs
PI576390	PI576390	2:PI576390	2:PI576390	UN		1	0	0	0	-1	0.910727	0	0.0155	10650	2855	121783	646	10	PI576390	PI576390	WGS	RNA	Other pairs
PI576391	PI576391	2:PI576391	2:PI576391	UN		1	0	0	0	-1	0.619721	0	0.0033	49837	3120	82199	908	3	PI576391	PI576391	WGS	RNA	Other pairs
PI576392	PI576392	2:PI576392	2:PI576392	UN		0	0	1	1	-1	0.951066	0	0.0324	5651	1782	126256	524	17	PI576392	PI576392	WGS	RNA	Other pairs
PI576393	PI576393	2:PI576393	2:PI576393	UN		1	0	0	0	-1	0.91163	0	0.0388	9285	5086	119476	618	24	PI576393	PI576393	WGS	RNA	Other pairs
PI576394	PI576394	2:PI576394	2:PI576394	UN		1	0	0	0	-1	0.657833	0	0.0011	43009	1951	83587	875	1	PI576394	PI576394	WGS	RNA	Other pairs
PI576395	PI576395	2:PI576395	2:PI576395	UN		0	0	1	1	-1	0.948482	0	0.0332	5714	2372	125849	572	19	PI576395	PI576395	WGS	RNA	Other pairs
PI576396	PI576396	2:PI576396	2:PI576396	UN		0	0	1	1	-1	0.935529	0	0.0235	7503	2499	125756	597	14	PI576396	PI576396	WGS	RNA	Other pairs
PI576397	PI576397	2:PI576397	2:PI576397	UN		0	0	1	1	-1	0.942753	0	0.0297	6697	2002	125772	573	17	PI576397	PI576397	WGS	RNA	Other pairs
PI576398	PI576398	2:PI576398	2:PI576398	UN		0	0	1	1	-1	0.935723	0	0.026	4092	1382	68938	578	15	PI576398	PI576398	WGS	RNA	Other pairs
PI576399	PI576399	2:PI576399	2:PI576399	UN		1	0	0	0	-1	0.92864	0	0.032	8133	2981	123744	625	20	PI576399	PI576399	WGS	RNA	Other pairs
PI576400	PI576400	2:PI576400	2:PI576400	UN		0	0	1	1	-1	0.965496	0	0.0321	3680	1154	118543	436	14	PI576400	PI576400	WGS	RNA	Other pairs
PI576401	PI576401	2:PI576401	2:PI576401	UN		1	0	0	0	-1	0.909904	0	0.0232	10735	2866	121455	690	16	PI576401	PI576401	WGS	RNA	Other pairs
PI576402	PI576402	2:PI576402	2:PI576402	UN		1	0	0	0	-1	0.930492	0	0.0231	7882	2546	121283	648	15	PI576402	PI576402	WGS	RNA	Other pairs
PI576403	PI576403	2:PI576403	2:PI576403	UN		1	0	0	0	-1	0.913558	0	0.0166	10275	2516	120628	664	11	PI576403	PI576403	WGS	RNA	Other pairs
PI576405	PI576405	2:PI576405	2:PI576405	UN		0	0	1	1	-1	0.941717	0	0.047	6562	2388	124125	596	28	PI576405	PI576405	WGS	RNA	Other pairs
PI576406	PI576406	2:PI576406	2:PI576406	UN		0	0	1	1	-1	0.938681	0	0.029	7002	2390	124286	620	18	PI576406	PI576406	WGS	RNA	Other pairs
PI576407	PI576407	2:PI576407	2:PI576407	UN		1	0	0	0	-1	0.924371	0	0.0341	7956	2339	110367	674	23	PI576407	PI576407	WGS	RNA	Other pairs
PI576409	PI576409	2:PI576409	2:PI576409	UN		1	0	0	0	-1	0.929686	0	0.0225	8257	2244	122887	623	14	PI576409	PI576409	WGS	RNA	Other pairs
PI576410	PI576410	2:PI576410	2:PI576410	UN		0	0	1	1	-1	0.942996	0	0.029	4894	1491	92547	551	16	PI576410	PI576410	WGS	RNA	Other pairs
PI576412	PI576412	2:PI576412	2:PI576412	UN		1	0	0	0	-1	0.93216	0	0.021	6941	1727	106374	619	13	PI576412	PI576412	WGS	RNA	Other pairs
PI576413	PI576413	2:PI576413	2:PI576413	UN		0	0	1	1	-1	0.95067	0	0.0466	5695	1764	125868	536	25	PI576413	PI576413	WGS	RNA	Other pairs
PI576414	PI576414	2:PI576414	2:PI576414	UN		1	0	0	0	-1	0.93505	0	0.0119	7266	1576	115162	586	7	PI576414	PI576414	WGS	RNA	Other pairs
PI576415	PI576415	2:PI576415	2:PI576415	UN		1	0	0	0	-1	0.920728	0	0.0104	9327	2485	121520	671	7	PI576415	PI576415	WGS	RNA	Other pairs
PI576416	PI576416	2:PI576416	2:PI576416	UN		1	0	0	0	-1	0.924922	0	0.0226	8673	2641	121795	619	14	PI576416	PI576416	WGS	RNA	Other pairs
PI576417	PI576417	2:PI576417	2:PI576417	UN		0	0	1	1	-1	0.938318	0	0.0211	7108	2206	123804	617	13	PI576417	PI576417	WGS	RNA	Other pairs
PI576418	PI576418	2:PI576418	2:PI576418	UN		1	0	0	0	-1	0.914745	0	0.0295	10058	2941	122225	678	20	PI576418	PI576418	WGS	RNA	Other pairs
PI576419	PI576419	2:PI576419	2:PI576419	UN		1	0	0	0	-1	0.907912	0	0.0179	10979	2518	119398	672	12	PI576419	PI576419	WGS	RNA	Other pairs
PI576420	PI576420	2:PI576420	2:PI576420	UN		1	0	0	0	-1	0.690046	0	0.0062	36349	2505	82459	813	5	PI576420	PI576420	WGS	RNA	Other pairs
PI576421	PI576421	2:PI576421	2:PI576421	UN		1	0	0	0	-1	0.930398	0	0.0212	8208	2155	123046	613	13	PI576421	PI576421	WGS	RNA	Other pairs
PI576424	PI576424	2:PI576424	2:PI576424	UN		1	0	0	0	-1	0.933678	0	0.0242	7548	2442	122229	662	16	PI576424	PI576424	WGS	RNA	Other pairs
PI576425	PI576425	2:PI576425	2:PI576425	UN		1	0	0	0	-1	0.913339	0	0.0216	10195	2523	119481	693	15	PI576425	PI576425	WGS	RNA	Other pairs
PI576426	PI576426	2:PI576426	2:PI576426	UN		1	0	0	0	-1	0.928606	0	0.035	8110	3112	124168	628	22	PI576426	PI576426	WGS	RNA	Other pairs
PI576427	PI576427	2:PI576427	2:PI576427	UN		1	0	0	0	-1	0.898209	0	0.0219	12443	2214	118459	638	14	PI576427	PI576427	WGS	RNA	Other pairs
PI576429	PI576429	2:PI576429	2:PI576429	UN		1	0	0	0	-1	0.918791	0	0.0124	9078	3452	120509	644	8	PI576429	PI576429	WGS	RNA	Other pairs
PI576431	PI576431	2:PI576431	2:PI576431	UN		1	0	0	0	-1	0.894014	0	0.0083	12767	2562	117217	719	6	PI576431	PI576431	WGS	RNA	Other pairs
PI576432	PI576432	2:PI576432	2:PI576432	UN		1	0	0	0	-1	0.906429	0	0.0074	10607	2233	112450	677	5	PI576432	PI576432	WGS	RNA	Other pairs
PI576433	PI576433	2:PI576433	2:PI576433	UN		0	0	1	1	-1	0.93954	0	0.0282	7023	2050	124039	568	16	PI576433	PI576433	WGS	RNA	Other pairs
PI576434	PI576434	2:PI576434	2:PI576434	UN		0	0	1	1	-1	0.939344	0	0.0332	6846	2733	125816	602	20	PI576434	PI576434	WGS	RNA	Other pairs
PI576435	PI576435	2:PI576435	2:PI576435	UN		1	0	0	0	-1	0.916252	0	0.0313	10053	2558	122700	670	21	PI576435	PI576435	WGS	RNA	Other pairs
PI576436	PI576436	2:PI576436	2:PI576436	UN		1	0	0	0	-1	0.926546	0	0.0184	6594	1261	90499	543	10	PI576436	PI576436	WGS	RNA	Other pairs
PI576437	PI576437	2:PI576437	2:PI576437	UN		1	0	0	0	-1	0.889193	0	0.0088	13617	2755	118949	678	6	PI576437	PI576437	WGS	RNA	Other pairs
PI585295	PI585295	2:PI585295	2:PI585295	UN		1	0	0	0	-1	0.841484	0	0.0171	18132	6747	110789	759	13	PI585295	PI585295	WGS	RNA	Other pairs
PI595699	PI595699	2:PI595699	2:PI595699	UN		1	0	0	0	-1	0.90998	0	0.0353	10876	2506	121355	652	23	PI595699	PI595699	WGS	RNA	Other pairs
PI595700	PI595700	2:PI595700	2:PI595700	UN		0	0	1	1	-1	0.938324	0	0.0285	7054	2310	123734	632	18	PI595700	PI595700	WGS	RNA	Other pairs
PI595701	PI595701	2:PI595701	2:PI595701	UN		0	0	1	1	-1	0.947863	0	0.0198	6080	1746	125535	556	11	PI595701	PI595701	WGS	RNA	Other pairs
PI595703	PI595703	2:PI595703	2:PI595703	UN		1	0	0	0	-1	0.638623	0	0.0022	46417	2949	83159	904	2	PI595703	PI595703	WGS	RNA	Other pairs
PI595704	PI595704	2:PI595704	2:PI595704	UN		1	0	0	0	-1	0.931497	0	0.0245	7924	2486	123409	653	16	PI595704	PI595704	WGS	RNA	Other pairs
PI595705	PI595705	2:PI595705	2:PI595705	UN		1	0	0	0	-1	0.934396	0	0.0309	7341	2174	118953	647	20	PI595705	PI595705	WGS	RNA	Other pairs
PI595706	PI595706	2:PI595706	2:PI595706	UN		1	0	0	0	-1	0.900966	0	0.0147	10646	2001	104954	681	10	PI595706	PI595706	WGS	RNA	Other pairs
PI595708	PI595708	2:PI595708	2:PI595708	UN		0	0	1	1	-1	0.941843	0	0.0289	6750	2075	125079	588	17	PI595708	PI595708	WGS	RNA	Other pairs
PI595710	PI595710	2:PI595710	2:PI595710	UN		0	0	1	1	-1	0.944079	0	0.0268	6251	2177	122819	598	16	PI595710	PI595710	WGS	RNA	Other pairs
PI595711	PI595711	2:PI595711	2:PI595711	UN		0	0	1	1	-1	0.93696	0	0.0306	7229	2209	122755	621	19	PI595711	PI595711	WGS	RNA	Other pairs
PI595712	PI595712	2:PI595712	2:PI595712	UN		1	0	0	0	-1	0.673228	0	0.0036	42445	2483	88763	829	3	PI595712	PI595712	WGS	RNA	Other pairs
PI595713	PI595713	2:PI595713	2:PI595713	UN		1	0	0	0	-1	0.928482	0	0.0325	8114	2861	122480	646	21	PI595713	PI595713	WGS	RNA	Other pairs
PI595714	PI595714	2:PI595714	2:PI595714	UN		0	0	1	1	-1	0.933557	0	0.0336	7470	3021	124669	625	21	PI595714	PI595714	WGS	RNA	Other pairs
PI595715	PI595715	2:PI595715	2:PI595715	UN		1	0	0	0	-1	0.712425	0	0.0012	36858	2431	93106	833	1	PI595715	PI595715	WGS	RNA	Other pairs
PI595716	PI595716	2:PI595716	2:PI595716	UN		1	0	0	0	-1	0.905639	0	0.0145	11397	2233	118983	621	9	PI595716	PI595716	WGS	RNA	Other pairs
PI595717	PI595717	2:PI595717	2:PI595717	UN		0	0	1	1	-1	0.95007	0	0.0298	5528	2151	124575	571	17	PI595717	PI595717	WGS	RNA	Other pairs
PI595718	PI595718	2:PI595718	2:PI595718	UN		1	0	0	0	-1	0.923289	0	0.0341	8884	3005	123509	646	22	PI595718	PI595718	WGS	RNA	Other pairs
PI595719	PI595719	2:PI595719	2:PI595719	UN		0	0	1	1	-1	0.949056	0	0.0197	5841	1906	125614	559	11	PI595719	PI595719	WGS	RNA	Other pairs
PI595720	PI595720	2:PI595720	2:PI595720	UN		1	0	0	0	-1	0.918498	0	0.0207	9409	3210	122518	677	14	PI595720	PI595720	WGS	RNA	Other pairs
PI595721	PI595721	2:PI595721	2:PI595721	UN		1	0	0	0	-1	0.922024	0	0.0121	9235	2314	121722	661	8	PI595721	PI595721	WGS	RNA	Other pairs
PI595722	PI595722	2:PI595722	2:PI595722	UN		1	0	0	0	-1	0.920799	0	0.0237	9346	2319	120979	674	16	PI595722	PI595722	WGS	RNA	Other pairs
PI595724	PI595724	2:PI595724	2:PI595724	UN		1	0	0	0	-1	0.90581	0	0.0073	11237	2584	119198	683	5	PI595724	PI595724	WGS	RNA	Other pairs
PI595725	PI595725	2:PI595725	2:PI595725	UN		0	0	1	1	-1	0.940982	0	0.0349	6240	1978	114270	601	21	PI595725	PI595725	WGS	RNA	Other pairs
PI595726	PI595726	2:PI595726	2:PI595726	UN		1	0	0	0	-1	0.914229	0	0.0174	10069	2472	119264	690	12	PI595726	PI595726	WGS	RNA	Other pairs
PI595727	PI595727	2:PI595727	2:PI595727	UN		1	0	0	0	-1	0.928944	0	0.0177	8328	2109	121607	622	11	PI595727	PI595727	WGS	RNA	Other pairs
PI595728	PI595728	2:PI595728	2:PI595728	UN		1	0	0	0	-1	0.927426	0	0.0256	8507	2209	121721	663	17	PI595728	PI595728	WGS	RNA	Other pairs
PI595729	PI595729	2:PI595729	2:PI595729	UN		1	0	0	0	-1	0.676785	0	0.0011	41850	2561	89031	871	1	PI595729	PI595729	WGS	RNA	Other pairs
PI595730	PI595730	2:PI595730	2:PI595730	UN		1	0	0	0	-1	0.645046	0	0.0011	45017	2506	82832	887	1	PI595730	PI595730	WGS	RNA	Other pairs
PI595731	PI595731	2:PI595731	2:PI595731	UN		1	0	0	0	-1	0.933942	0	0.0348	7689	2156	122872	633	22	PI595731	PI595731	WGS	RNA	Other pairs
PI595732	PI595732	2:PI595732	2:PI595732	UN		0	0	1	1	-1	0.951591	0	0.0188	5178	1583	116553	533	10	PI595732	PI595732	WGS	RNA	Other pairs
PI595733	PI595733	2:PI595733	2:PI595733	UN		0	0	1	1	-1	0.945059	0	0.0283	6360	2008	125666	566	16	PI595733	PI595733	WGS	RNA	Other pairs
PI595734	PI595734	2:PI595734	2:PI595734	UN		0	0	1	1	-1	0.941936	0	0.0208	6565	2446	125117	576	12	PI595734	PI595734	WGS	RNA	Other pairs
PI595735	PI595735	2:PI595735	2:PI595735	UN		0	0	1	1	-1	0.950601	0	0.0194	5593	2073	126536	566	11	PI595735	PI595735	WGS	RNA	Other pairs
PI595736	PI595736	2:PI595736	2:PI595736	UN		0	0	1	1	-1	0.951944	0	0.0304	5441	2050	127060	559	17	PI595736	PI595736	WGS	RNA	Other pairs
PI595737	PI595737	2:PI595737	2:PI595737	UN		0	0	1	1	-1	0.941948	0	0.0366	6534	2579	125653	519	19	PI595737	PI595737	WGS	RNA	Other pairs
PI595738	PI595738	2:PI595738	2:PI595738	UN		0	0	1	1	-1	0.937666	0	0.0154	6690	2677	119431	583	9	PI595738	PI595738	WGS	RNA	Other pairs
PI595739	PI595739	2:PI595739	2:PI595739	UN		0	0	1	1	-1	0.949028	0	0.033	5725	2358	127363	545	18	PI595739	PI595739	WGS	RNA	Other pairs
PI595740	PI595740	2:PI595740	2:PI595740	UN		1	0	0	0	-1	0.804229	0	0.0013	22361	1980	94936	747	1	PI595740	PI595740	WGS	RNA	Other pairs
PI595741	PI595741	2:PI595741	2:PI595741	UN		0	0	1	1	-1	0.938943	0	0.042	6899	2689	125426	595	25	PI595741	PI595741	WGS	RNA	Other pairs
PI595743	PI595743	2:PI595743	2:PI595743	UN		1	0	0	0	-1	0.912097	0	0.0272	10590	2181	120108	552	15	PI595743	PI595743	WGS	RNA	Other pairs
PI595744	PI595744	2:PI595744	2:PI595744	UN		0	0	1	1	-1	0.935161	0	0.0408	6685	4165	124369	564	23	PI595744	PI595744	WGS	RNA	Other pairs
PI595746	PI595746	2:PI595746	2:PI595746	UN		1	0	0	0	-1	0.907016	0	0.0095	9625	1583	100817	630	6	PI595746	PI595746	WGS	RNA	Other pairs
PI595747	PI595747	2:PI595747	2:PI595747	UN		0	0	1	1	-1	0.945838	0	0.0278	6191	2115	125523	576	16	PI595747	PI595747	WGS	RNA	Other pairs
PI595748	PI595748	2:PI595748	2:PI595748	UN		0	0	1	1	-1	0.944853	0	0.0243	6284	2093	124549	577	14	PI595748	PI595748	WGS	RNA	Other pairs
PI597943	PI597943	2:PI597943	2:PI597943	UN		1	0	0	0	-1	0.929643	0	0.0157	8088	2611	122813	636	10	PI597943	PI597943	WGS	RNA	Other pairs
PI597944	PI597944	2:PI597944	2:PI597944	UN		1	0	0	0	-1	0.698694	0	0.0047	38954	2378	91898	852	4	PI597944	PI597944	WGS	RNA	Other pairs
PI597945	PI597945	2:PI597945	2:PI597945	UN		1	0	0	0	-1	0.673175	0	0.0011	41881	2393	87532	884	1	PI597945	PI597945	WGS	RNA	Other pairs
PI597946	PI597946	2:PI597946	2:PI597946	UN		0	0	1	1	-1	0.949107	0	0.0358	5607	2546	127032	558	20	PI597946	PI597946	WGS	RNA	Other pairs
PI597947	PI597947	2:PI597947	2:PI597947	UN		0	0	1	1	-1	0.950398	0	0.0247	5231	1601	114767	527	13	PI597947	PI597947	WGS	RNA	Other pairs
PI597949	PI597949	2:PI597949	2:PI597949	UN		1	0	0	0	-1	0.929383	0	0.0421	8067	2980	124289	617	26	PI597949	PI597949	WGS	RNA	Other pairs
PI597951	PI597951	2:PI597951	2:PI597951	UN		1	0	0	0	-1	0.92015	0	0.0306	9321	2978	123079	653	20	PI597951	PI597951	WGS	RNA	Other pairs
PI597952	PI597952	2:PI597952	2:PI597952	UN		1	0	0	0	-1	0.883935	0	0.0056	14256	2165	115733	715	4	PI597952	PI597952	WGS	RNA	Other pairs
PI597953	PI597953	2:PI597953	2:PI597953	UN		1	0	0	0	-1	0.919141	0	0.0155	9508	2477	120919	645	10	PI597953	PI597953	WGS	RNA	Other pairs
PI597955	PI597955	2:PI597955	2:PI597955	UN		1	0	0	0	-1	0.934902	0	0.0285	7402	2064	120092	632	18	PI597955	PI597955	WGS	RNA	Other pairs
PI597956	PI597956	2:PI597956	2:PI597956	UN		1	0	0	0	-1	0.676813	0	0.0035	38116	5449	82803	848	3	PI597956	PI597956	WGS	RNA	Other pairs
PI597957	PI597957	2:PI597957	2:PI597957	UN		1	0	0	0	-1	0.91803	0	0.0211	9811	2274	121476	665	14	PI597957	PI597957	WGS	RNA	Other pairs
PI597958	PI597958	2:PI597958	2:PI597958	UN		1	0	0	0	-1	0.928004	0	0.0358	8400	2688	124252	614	22	PI597958	PI597958	WGS	RNA	Other pairs
PI597959	PI597959	2:PI597959	2:PI597959	UN		1	0	0	0	-1	0.927366	0	0.0179	8471	2505	122894	616	11	PI597959	PI597959	WGS	RNA	Other pairs
PI597960	PI597960	2:PI597960	2:PI597960	UN		1	0	0	0	-1	0.661696	0	0.006	44307	2881	88038	830	5	PI597960	PI597960	WGS	RNA	Other pairs
PI597961	PI597961	2:PI597961	2:PI597961	UN		0	0	1	1	-1	0.947705	0	0.033	5865	2409	126912	576	19	PI597961	PI597961	WGS	RNA	Other pairs
PI597962	PI597962	2:PI597962	2:PI597962	UN		0	0	1	1	-1	0.952033	0	0.0167	5292	1956	123466	540	9	PI597962	PI597962	WGS	RNA	Other pairs
PI597963	PI597963	2:PI597963	2:PI597963	UN		0	0	1	1	-1	0.95803	0	0.029	3955	1440	105993	517	15	PI597963	PI597963	WGS	RNA	Other pairs
PI597965	PI597965	2:PI597965	2:PI597965	UN		1	0	0	0	-1	0.930675	0	0.0316	7803	3188	124559	602	19	PI597965	PI597965	WGS	RNA	Other pairs
PI597966	PI597966	2:PI597966	2:PI597966	UN		1	0	0	0	-1	0.926134	0	0.0136	8735	2536	124149	589	8	PI597966	PI597966	WGS	RNA	Other pairs
PI597967	PI597967	2:PI597967	2:PI597967	UN		0	0	1	1	-1	0.944	0	0.0445	6399	2425	127095	539	24	PI597967	PI597967	WGS	RNA	Other pairs
PI597968	PI597968	2:PI597968	2:PI597968	UN		1	0	0	0	-1	0.928358	0	0.0362	8198	2953	123888	636	23	PI597968	PI597968	WGS	RNA	Other pairs
PI597970	PI597970	2:PI597970	2:PI597970	UN		1	0	0	0	-1	0.928089	0	0.0234	6342	1750	92268	642	15	PI597970	PI597970	WGS	RNA	Other pairs
PI597971	PI597971	2:PI597971	2:PI597971	UN		0	0	1	1	-1	0.940001	0	0.0353	6745	2758	125900	595	21	PI597971	PI597971	WGS	RNA	Other pairs
PI597972	PI597972	2:PI597972	2:PI597972	UN		1	0	0	0	-1	0.923208	0	0.0308	8792	3135	122977	650	20	PI597972	PI597972	WGS	RNA	Other pairs
PI597973	PI597973	2:PI597973	2:PI597973	UN		0	0	1	1	-1	0.933749	0	0.0311	7343	3208	124496	644	20	PI597973	PI597973	WGS	RNA	Other pairs
PI597974	PI597974	2:PI597974	2:PI597974	UN		0	0	1	1	-1	0.943287	0	0.0368	6413	2325	124838	598	22	PI597974	PI597974	WGS	RNA	Other pairs
PI597975	PI597975	2:PI597975	2:PI597975	UN		1	0	0	0	-1	0.882951	0	0.0015	12079	1809	97036	659	1	PI597975	PI597975	WGS	RNA	Other pairs
PI597976	PI597976	2:PI597976	2:PI597976	UN		1	0	0	0	-1	0.929082	0	0.0269	8212	2736	124138	632	17	PI597976	PI597976	WGS	RNA	Other pairs
PI597977	PI597977	2:PI597977	2:PI597977	UN		1	0	0	0	-1	0.701214	0	0.0046	37563	2476	89823	868	4	PI597977	PI597977	WGS	RNA	Other pairs
PI597978	PI597978	2:PI597978	2:PI597978	UN		0	0	1	1	-1	0.949363	0	0.0247	5651	1926	123039	567	14	PI597978	PI597978	WGS	RNA	Other pairs
PI597980	PI597980	2:PI597980	2:PI597980	UN		1	0	0	0	-1	0.911851	0	0.0127	10615	2644	122160	629	8	PI597980	PI597980	WGS	RNA	Other pairs
PI597981	PI597981	2:PI597981	2:PI597981	UN		0	0	1	1	-1	0.941262	0	0.0177	6525	1800	118084	620	11	PI597981	PI597981	WGS	RNA	Other pairs
PI597982	PI597982	2:PI597982	2:PI597982	UN		1	0	0	0	-1	0.927746	0	0.0271	8302	2957	124103	627	17	PI597982	PI597982	WGS	RNA	Other pairs
PI601816	PI601816	2:PI601816	2:PI601816	UN		1	0	0	0	-1	0.654443	0	0.0012	45504	2696	87384	868	1	PI601816	PI601816	WGS	RNA	Other pairs
PI607931	PI607931	2:PI607931	2:PI607931	UN		1	0	0	0	-1	0.931349	0	0.0262	8072	2524	125367	572	15	PI607931	PI607931	WGS	RNA	Other pairs
PI609456	PI609456	2:PI609456	2:PI609456	UN		1	0	0	0	-1	0.894049	0	0.0285	12552	3309	118225	737	21	PI609456	PI609456	WGS	RNA	Other pairs
PI613536	PI613536	2:PI613536	2:PI613536	UN		1	0	0	0	-1	0.925116	0	0.026	8690	2865	123621	655	17	PI613536	PI613536	WGS	RNA	Other pairs
PI629034	PI629034	2:PI629034	2:PI629034	UN		1	0	0	0	-1	0.921896	0	0.0162	9360	2469	123817	616	10	PI629034	PI629034	WGS	RNA	Other pairs
PI629040	PI629040	2:PI629040	2:PI629040	UN		0	0	1	1	-1	0.943474	0	0.0264	6412	2465	126361	605	16	PI629040	PI629040	WGS	RNA	Other pairs
PI629059	PI629059	2:PI629059	2:PI629059	UN		0	0	1	1	-1	0.957033	0	0.0318	5069	1524	129115	472	15	PI629059	PI629059	WGS	RNA	Other pairs
PI641849	PI641849	2:PI641849	2:PI641849	UN		1	0	0	0	-1	0.925293	0	0.0286	8711	2778	123705	630	18	PI641849	PI641849	WGS	RNA	Other pairs
PI641874	PI641874	2:PI641874	2:PI641874	UN		1	0	0	0	-1	0.685407	0	0.0034	40126	2041	88626	875	3	PI641874	PI641874	WGS	RNA	Other pairs
PI642793	PI642793	2:PI642793	2:PI642793	UN		1	0	0	0	-1	0.845398	0	0.0072	19818	2287	113479	694	5	PI642793	PI642793	WGS	RNA	Other pairs
PI642992	PI642992	2:PI642992	2:PI642992	UN		1	0	0	0	-1	0.666963	0	0.008	43770	2757	89039	877	7	PI642992	PI642992	WGS	RNA	Other pairs
PI642998	PI642998	2:PI642998	2:PI642998	UN		1	0	0	0	-1	0.891457	0	0.0118	12954	3263	118158	764	9	PI642998	PI642998	WGS	RNA	Other pairs
PI651496	PI651496	2:PI651496	2:PI651496	UN		1	0	0	0	-1	0.932671	0	0.0213	7743	2727	124783	610	13	PI651496	PI651496	WGS	RNA	Other pairs
PI655970	PI655970	2:PI655970	2:PI655970	UN		0	0	1	1	-1	0.950305	0	0.0386	5839	1799	127958	466	18	PI655970	PI655970	WGS	RNA	Other pairs
PI655972	PI655972	2:PI655972	2:PI655972	UN		0	0	1	1	-1	0.937085	0	0.0385	7421	2194	125773	546	21	PI655972	PI655972	WGS	RNA	Other pairs
PI655973	PI655973	2:PI655973	2:PI655973	UN		1	0	0	0	-1	0.661793	0	0.0058	43568	2522	86459	857	5	PI655973	PI655973	WGS	RNA	Other pairs
PI655974	PI655974	2:PI655974	2:PI655974	UN		0	0	1	1	-1	0.94668	0	0.0374	5547	3377	126775	454	17	PI655974	PI655974	WGS	RNA	Other pairs
PI655975	PI655975	2:PI655975	2:PI655975	UN		0	0	1	1	-1	0.948778	0	0.0331	5991	1915	127748	513	17	PI655975	PI655975	WGS	RNA	Other pairs
PI655976	PI655976	2:PI655976	2:PI655976	UN		1	0	0	0	-1	0.760552	0	0.0164	31197	2412	101715	669	11	PI655976	PI655976	WGS	RNA	Other pairs
PI655977	PI655977	2:PI655977	2:PI655977	UN		0	0	1	1	-1	0.949792	0	0.0288	5555	2512	127588	555	16	PI655977	PI655977	WGS	RNA	Other pairs
PI655978	PI655978	2:PI655978	2:PI655978	UN		0	0	1	1	-1	0.924568	0	0.0497	6805	6776	121547	624	31	PI655978	PI655978	WGS	RNA	Other pairs
PI655979	PI655979	2:PI655979	2:PI655979	UN		0	0	1	1	-1	0.937886	0	0.0332	7281	2275	125976	572	19	PI655979	PI655979	WGS	RNA	Other pairs
PI655981	PI655981	2:PI655981	2:PI655981	UN		1	0	0	0	-1	0.658806	0	0.0023	43340	5946	86452	853	2	PI655981	PI655981	WGS	RNA	Other pairs
PI655986	PI655986	2:PI655986	2:PI655986	UN		0	0	1	1	-1	0.938169	0	0.0312	7204	2358	126018	545	17	PI655986	PI655986	WGS	RNA	Other pairs
PI655987	PI655987	2:PI655987	2:PI655987	UN		1	0	0	0	-1	0.934686	0	0.014	7867	1995	125860	499	7	PI655987	PI655987	WGS	RNA	Other pairs
PI655992	PI655992	2:PI655992	2:PI655992	UN		0	0	1	1	-1	0.957074	0	0.0247	4933	1246	123253	445	11	PI655992	PI655992	WGS	RNA	Other pairs
PI655993	PI655993	2:PI655993	2:PI655993	UN		0	0	1	1	-1	0.940695	0	0.0294	6345	3398	125895	510	15	PI655993	PI655993	WGS	RNA	Other pairs
PI655994	PI655994	2:PI655994	2:PI655994	UN		1	0	0	0	-1	0.885203	0	0.0334	9579	11978	114056	598	20	PI655994	PI655994	WGS	RNA	Other pairs
PI655995	PI655995	2:PI655995	2:PI655995	UN		1	0	0	0	-1	0.9247	0	0.023	8775	2675	122847	697	16	PI655995	PI655995	WGS	RNA	Other pairs
PI655997	PI655997	2:PI655997	2:PI655997	UN		1	0	0	0	-1	0.705456	0	0.0131	38637	2515	94293	840	11	PI655997	PI655997	WGS	RNA	Other pairs
PI655998	PI655998	2:PI655998	2:PI655998	UN		1	0	0	0	-1	0.771501	0	0.0055	29594	1654	101886	721	4	PI655998	PI655998	WGS	RNA	Other pairs
PI655999	PI655999	2:PI655999	2:PI655999	UN		1	0	0	0	-1	0.905206	0	0.0276	9891	5766	119099	689	19	PI655999	PI655999	WGS	RNA	Other pairs
PI656000	PI656000	2:PI656000	2:PI656000	UN		0	0	1	1	-1	0.97192	0	0.0503	3233	1181	131749	358	18	PI656000	PI656000	WGS	RNA	Other pairs
PI656001	PI656001	2:PI656001	2:PI656001	UN		1	0	0	0	-1	0.932894	0	0.0371	7692	2842	125266	566	21	PI656001	PI656001	WGS	RNA	Other pairs
PI656002	PI656002	2:PI656002	2:PI656002	UN		0	0	1	1	-1	0.952055	0	0.0668	5567	1870	128176	479	32	PI656002	PI656002	WGS	RNA	Other pairs
PI656003	PI656003	2:PI656003	2:PI656003	UN		0	0	1	1	-1	0.952291	0	0.0552	5317	2279	127734	525	29	PI656003	PI656003	WGS	RNA	Other pairs
PI656004	PI656004	2:PI656004	2:PI656004	UN		0	0	1	1	-1	0.935637	0	0.028	7511	2442	125716	607	17	PI656004	PI656004	WGS	RNA	Other pairs
PI656005	PI656005	2:PI656005	2:PI656005	UN		0	0	1	1	-1	0.957857	0	0.0472	4701	2020	128793	487	23	PI656005	PI656005	WGS	RNA	Other pairs
PI656006	PI656006	2:PI656006	2:PI656006	UN		0	0	1	1	-1	0.944461	0	0.0324	6349	2331	126622	586	19	PI656006	PI656006	WGS	RNA	Other pairs
PI656007	PI656007	2:PI656007	2:PI656007	UN		0	0	1	1	-1	0.937438	0	0.0374	6462	3986	124699	562	21	PI656007	PI656007	WGS	RNA	Other pairs
PI656008	PI656008	2:PI656008	2:PI656008	UN		1	0	0	0	-1	0.925939	0	0.0299	8526	3033	124039	603	18	PI656008	PI656008	WGS	RNA	Other pairs
PI656009	PI656009	2:PI656009	2:PI656009	UN		1	0	0	0	-1	0.799703	0	0.011	26073	2155	107323	730	8	PI656009	PI656009	WGS	RNA	Other pairs
PI656010	PI656010	2:PI656010	2:PI656010	UN		0	0	1	1	-1	0.921218	0	0.0541	6534	8276	120652	629	34	PI656010	PI656010	WGS	RNA	Other pairs
PI656011	PI656011	2:PI656011	2:PI656011	UN		0	0	1	1	-1	0.930257	0	0.0342	6544	5807	123110	585	20	PI656011	PI656011	WGS	RNA	Other pairs
PI656012	PI656012	2:PI656012	2:PI656012	UN		1	0	0	0	-1	0.919888	0	0.0189	9257	3154	122824	687	13	PI656012	PI656012	WGS	RNA	Other pairs
PI656013	PI656013	2:PI656013	2:PI656013	UN		0.5847	0	0.4153	0.4153	-1	0.854436	0	0.0799	5460	28632	101766	588	47	PI656013	PI656013	WGS	RNA	Other pairs
PI656014	PI656014	2:PI656014	2:PI656014	UN		0.7556	0	0.2444	0.2444	-1	0.80643	0	0.0849	6273	40043	89524	636	54	PI656014	PI656014	WGS	RNA	Other pairs
PI656016	PI656016	2:PI656016	2:PI656016	UN		0	0	1	1	-1	0.956244	0	0.017	5307	1302	129555	470	8	PI656016	PI656016	WGS	RNA	Other pairs
PI656017	PI656017	2:PI656017	2:PI656017	UN		1	0	0	0	-1	0.92378	0	0.0284	8864	2892	123510	669	19	PI656017	PI656017	WGS	RNA	Other pairs
PI656018	PI656018	2:PI656018	2:PI656018	UN		0	0	1	1	-1	0.951519	0	0.0333	5544	2061	128005	510	17	PI656018	PI656018	WGS	RNA	Other pairs
PI656019	PI656019	2:PI656019	2:PI656019	UN		0	0	1	1	-1	0.9507	0	0.0542	5331	2721	127677	480	26	PI656019	PI656019	WGS	RNA	Other pairs
PI656020	PI656020	2:PI656020	2:PI656020	UN		0	0	1	1	-1	0.955483	0	0.0431	4659	2752	128155	487	21	PI656020	PI656020	WGS	RNA	Other pairs
PI656021	PI656021	2:PI656021	2:PI656021	UN		1	0	0	0	-1	0.680808	0	0.0047	39873	6676	88827	849	4	PI656021	PI656021	WGS	RNA	Other pairs
PI656022	PI656022	2:PI656022	2:PI656022	UN		1	0	0	0	-1	0.633174	0	0.0012	47150	2270	82209	869	1	PI656022	PI656022	WGS	RNA	Other pairs
PI656024	PI656024	2:PI656024	2:PI656024	UN		1	0	0	0	-1	0.92282	0	0.0186	7867	5228	122705	590	11	PI656024	PI656024	WGS	RNA	Other pairs
PI656025	PI656025	2:PI656025	2:PI656025	UN		1	0	0	0	-1	0.929301	0	0.0412	7588	3920	123544	655	27	PI656025	PI656025	WGS	RNA	Other pairs
PI656026	PI656026	2:PI656026	2:PI656026	UN		1	0	0	0	-1	0.803132	0	0.0082	25531	1977	107199	728	6	PI656026	PI656026	WGS	RNA	Other pairs
PI656027	PI656027	2:PI656027	2:PI656027	UN		0	0	1	1	-1	0.933117	0	0.0407	7401	3321	124761	615	25	PI656027	PI656027	WGS	RNA	Other pairs
PI656028	PI656028	2:PI656028	2:PI656028	UN		0	0	1	1	-1	0.943473	0	0.05	5569	4159	125578	540	27	PI656028	PI656028	WGS	RNA	Other pairs
PI656029	PI656029	2:PI656029	2:PI656029	UN		0	0	1	1	-1	0.940963	0	0.0634	5529	4908	124783	552	35	PI656029	PI656029	WGS	RNA	Other pairs
PI656031	PI656031	2:PI656031	2:PI656031	UN		0	0	1	1	-1	0.93897	0	0.0282	6293	3987	125497	568	16	PI656031	PI656031	WGS	RNA	Other pairs
PI656032	PI656032	2:PI656032	2:PI656032	UN		0.6076	0.2592	0.1332	0.2628	-1	0.807322	0	0.1531	4614	43224	88275	516	79	PI656032	PI656032	WGS	RNA	Other pairs
PI656034	PI656034	2:PI656034	2:PI656034	UN		0	0	1	1	-1	0.942828	0	0.025	6662	1975	125160	561	14	PI656034	PI656034	WGS	RNA	Other pairs
PI656035	PI656035	2:PI656035	2:PI656035	UN		1	0	0	0	-1	0.857001	0	0.0013	18147	2426	114813	753	1	PI656035	PI656035	WGS	RNA	Other pairs
PI656036	PI656036	2:PI656036	2:PI656036	UN		0	0	1	1	-1	0.928542	0	0.0404	6641	6110	122937	594	24	PI656036	PI656036	WGS	RNA	Other pairs
PI656037	PI656037	2:PI656037	2:PI656037	UN		0	0	1	1	-1	0.940758	0	0.0355	6091	3921	125897	564	20	PI656037	PI656037	WGS	RNA	Other pairs
PI656039	PI656039	2:PI656039	2:PI656039	UN		0	0	1	1	-1	0.949653	0	0.0461	5740	1950	125685	542	25	PI656039	PI656039	WGS	RNA	Other pairs
PI656040	PI656040	2:PI656040	2:PI656040	UN		0	0	1	1	-1	0.92772	0	0.0405	7306	4960	123124	618	25	PI656040	PI656040	WGS	RNA	Other pairs
PI656041	PI656041	2:PI656041	2:PI656041	UN		1	0	0	0	-1	0.889386	0	0.0083	13537	2866	118933	723	6	PI656041	PI656041	WGS	RNA	Other pairs
PI656043	PI656043	2:PI656043	2:PI656043	UN		1	0	0	0	-1	0.770716	0	0.0075	29818	2664	103376	801	6	PI656043	PI656043	WGS	RNA	Other pairs
PI656044	PI656044	2:PI656044	2:PI656044	UN		0	0	1	1	-1	0.940705	0	0.0213	6895	2318	126617	564	12	PI656044	PI656044	WGS	RNA	Other pairs
PI656046	PI656046	2:PI656046	2:PI656046	UN		0	0	1	1	-1	0.931371	0	0.044	7281	3992	123903	614	27	PI656046	PI656046	WGS	RNA	Other pairs
PI656048	PI656048	2:PI656048	2:PI656048	UN		0	0	1	1	-1	0.96637	0	0.0404	3704	1761	130857	396	16	PI656048	PI656048	WGS	RNA	Other pairs
PI656050	PI656050	2:PI656050	2:PI656050	UN		1	0	0	0	-1	0.90453	0	0.022	10081	5704	119682	681	15	PI656050	PI656050	WGS	RNA	Other pairs
PI656051	PI656051	2:PI656051	2:PI656051	UN		0	0	1	1	-1	0.937484	0	0.0169	7350	2268	126092	593	10	PI656051	PI656051	WGS	RNA	Other pairs
PI656052	PI656052	2:PI656052	2:PI656052	UN		1	0	0	0	-1	0.685354	0	0.006	40417	2356	89423	830	5	PI656052	PI656052	WGS	RNA	Other pairs
PI656053	PI656053	2:PI656053	2:PI656053	UN		0	0	1	1	-1	0.962512	0	0.0501	3239	3736	129255	399	20	PI656053	PI656053	WGS	RNA	Other pairs
PI656055	PI656055	2:PI656055	2:PI656055	UN		0	0	1	1	-1	0.948532	0	0.0526	4334	5327	126297	475	25	PI656055	PI656055	WGS	RNA	Other pairs
PI656056	PI656056	2:PI656056	2:PI656056	UN		0	0	1	1	-1	0.960459	0	0.0467	4369	1999	129401	493	23	PI656056	PI656056	WGS	RNA	Other pairs
PI656057	PI656057	2:PI656057	2:PI656057	UN		0	0	1	1	-1	0.937747	0	0.022	6251	1822	106974	591	13	PI656057	PI656057	WGS	RNA	Other pairs
PI656058	PI656058	2:PI656058	2:PI656058	UN		0	0	1	1	-1	0.935747	0	0.0481	5965	5503	124192	499	24	PI656058	PI656058	WGS	RNA	Other pairs
PI656059	PI656059	2:PI656059	2:PI656059	UN		0	0	1	1	-1	0.954148	0	0.04	4677	3112	128149	475	19	PI656059	PI656059	WGS	RNA	Other pairs
PI656060	PI656060	2:PI656060	2:PI656060	UN		0	0	1	1	-1	0.932375	0	0.0651	6144	6074	123545	461	30	PI656060	PI656060	WGS	RNA	Other pairs
PI656061	PI656061	2:PI656061	2:PI656061	UN		0	0	1	1	-1	0.940068	0	0.0569	5961	4321	125230	457	26	PI656061	PI656061	WGS	RNA	Other pairs
PI656062	PI656062	2:PI656062	2:PI656062	UN		0	0	1	1	-1	0.941383	0	0.0583	5355	5187	125059	549	32	PI656062	PI656062	WGS	RNA	Other pairs
PI656063	PI656063	2:PI656063	2:PI656063	UN		0.4937	0	0.5063	0.5063	-1	0.87936	0	0.0812	4195	24396	107293	468	38	PI656063	PI656063	WGS	RNA	Other pairs
PI656068	PI656068	2:PI656068	2:PI656068	UN		0	0	1	1	-1	0.944484	0	0.0325	5433	4249	126450	492	16	PI656068	PI656068	WGS	RNA	Other pairs
PI656069	PI656069	2:PI656069	2:PI656069	UN		0.4543	0	0.5457	0.5457	-1	0.915357	0	0.0582	6026	10906	118684	567	33	PI656069	PI656069	WGS	RNA	Other pairs
PI656070	PI656070	2:PI656070	2:PI656070	UN		0	0	1	1	-1	0.938928	0	0.0297	5364	5844	124468	538	16	PI656070	PI656070	WGS	RNA	Other pairs
PI656071	PI656071	2:PI656071	2:PI656071	UN		0	0	1	1	-1	0.936962	0	0.0385	7184	2703	125516	598	23	PI656071	PI656071	WGS	RNA	Other pairs
PI656072	PI656072	2:PI656072	2:PI656072	UN		1	0	0	0	-1	0.925515	0	0.0238	8649	2854	123773	672	16	PI656072	PI656072	WGS	RNA	Other pairs
PI656074	PI656074	2:PI656074	2:PI656074	UN		1	0	0	0	-1	0.904484	0	0.0339	9540	6728	118830	649	22	PI656074	PI656074	WGS	RNA	Other pairs
PI656076	PI656076	2:PI656076	2:PI656076	UN		0	0	1	1	-1	0.941471	0	0.0596	5644	4624	125664	537	32	PI656076	PI656076	WGS	RNA	Other pairs
PI656077	PI656077	2:PI656077	2:PI656077	UN		1	0	0	0	-1	0.740522	0	0	32873	1534	95238	818	0	PI656077	PI656077	WGS	RNA	Other pairs
PI656078	PI656078	2:PI656078	2:PI656078	UN		1	0	0	0	-1	0.904711	0	0.044	10279	5068	119117	704	31	PI656078	PI656078	WGS	RNA	Other pairs
PI656079	PI656079	2:PI656079	2:PI656079	UN		1	0	0	0	-1	0.921561	0	0.0419	7887	5428	121835	621	26	PI656079	PI656079	WGS	RNA	Other pairs
PI656080	PI656080	2:PI656080	2:PI656080	UN		1	0	0	0	-1	0.62351	0	0.0069	48790	3497	81949	873	6	PI656080	PI656080	WGS	RNA	Other pairs
PI656082	PI656082	2:PI656082	2:PI656082	UN		1	0	0	0	-1	0.678309	0	0.0034	41279	2591	88476	879	3	PI656082	PI656082	WGS	RNA	Other pairs
PI656083	PI656083	2:PI656083	2:PI656083	UN		1	0	0	0	-1	0.934563	0	0.0342	7509	1865	119628	584	20	PI656083	PI656083	WGS	RNA	Other pairs
PI656085	PI656085	2:PI656085	2:PI656085	UN		0	0	1	1	-1	0.943806	0	0.0314	6492	2077	125439	573	18	PI656085	PI656085	WGS	RNA	Other pairs
PI656087	PI656087	2:PI656087	2:PI656087	UN		0	0	1	1	-1	0.933514	0	0.0314	6946	4120	124392	606	19	PI656087	PI656087	WGS	RNA	Other pairs
PI656088	PI656088	2:PI656088	2:PI656088	UN		1	0	0	0	-1	0.627302	0	0.0079	47907	5073	82367	889	7	PI656088	PI656088	WGS	RNA	Other pairs
PI656089	PI656089	2:PI656089	2:PI656089	UN		1	0	0	0	-1	0.714163	0	0.0047	35520	6200	93392	852	4	PI656089	PI656089	WGS	RNA	Other pairs
PI656090	PI656090	2:PI656090	2:PI656090	UN		1	0	0	0	-1	0.665002	0	0.008	42763	5042	87372	878	7	PI656090	PI656090	WGS	RNA	Other pairs
PI656091	PI656091	2:PI656091	2:PI656091	UN		1	0	0	0	-1	0.921829	0	0.0237	9044	2615	120763	674	16	PI656091	PI656091	WGS	RNA	Other pairs
PI656092	PI656092	2:PI656092	2:PI656092	UN		1	0	0	0	-1	0.925977	0	0.0307	8654	2715	123880	618	19	PI656092	PI656092	WGS	RNA	Other pairs
PI656093	PI656093	2:PI656093	2:PI656093	UN		1	0	0	0	-1	0.898746	0	0.0138	12146	2248	116663	654	9	PI656093	PI656093	WGS	RNA	Other pairs
PI656094	PI656094	2:PI656094	2:PI656094	UN		0	0	1	1	-1	0.937266	0	0.0315	7067	2620	123845	635	20	PI656094	PI656094	WGS	RNA	Other pairs
PI656095	PI656095	2:PI656095	2:PI656095	UN		1	0	0	0	-1	0.924067	0	0.0271	7593	5380	122449	664	18	PI656095	PI656095	WGS	RNA	Other pairs
PI656096	PI656096	2:PI656096	2:PI656096	UN		1	0	0	0	-1	0.930833	0	0.041	7884	2950	124477	634	26	PI656096	PI656096	WGS	RNA	Other pairs
PI656097	PI656097	2:PI656097	2:PI656097	UN		1	0	0	0	-1	0.925296	0	0.0458	8623	3006	123920	633	29	PI656097	PI656097	WGS	RNA	Other pairs
PI656098	PI656098	2:PI656098	2:PI656098	UN		1	0	0	0	-1	0.914575	0	0.0257	8145	6817	120285	623	16	PI656098	PI656098	WGS	RNA	Other pairs
PI656099	PI656099	2:PI656099	2:PI656099	UN		1	0	0	0	-1	0.923814	0	0.0641	7650	5342	122479	608	39	PI656099	PI656099	WGS	RNA	Other pairs
PI656100	PI656100	2:PI656100	2:PI656100	UN		1	0	0	0	-1	0.925127	0	0.0405	7602	5081	122779	642	26	PI656100	PI656100	WGS	RNA	Other pairs
PI656101	PI656101	2:PI656101	2:PI656101	UN		0	0	1	1	-1	0.936689	0	0.0343	7212	2715	125428	642	22	PI656101	PI656101	WGS	RNA	Other pairs
PI656102	PI656102	2:PI656102	2:PI656102	UN		1	0	0	0	-1	0.913294	0	0.0094	10296	2862	122092	637	6	PI656102	PI656102	WGS	RNA	Other pairs
PI656103	PI656103	2:PI656103	2:PI656103	UN		1	0	0	0	-1	0.917674	0	0.0348	8285	5685	121194	660	23	PI656103	PI656103	WGS	RNA	Other pairs
PI656105	PI656105	2:PI656105	2:PI656105	UN		0	0	1	1	-1	0.937084	0	0.0606	5179	6693	123635	495	30	PI656105	PI656105	WGS	RNA	Other pairs
PI656106	PI656106	2:PI656106	2:PI656106	UN		1	0	0	0	-1	0.91304	0	0.0274	8543	6509	120614	583	16	PI656106	PI656106	WGS	RNA	Other pairs
PI656107	PI656107	2:PI656107	2:PI656107	UN		0	0	1	1	-1	0.941604	0	0.0275	6697	2055	123526	619	17	PI656107	PI656107	WGS	RNA	Other pairs
PI656108	PI656108	2:PI656108	2:PI656108	UN		1	0	0	0	-1	0.928785	0	0.0354	8204	2863	124235	621	22	PI656108	PI656108	WGS	RNA	Other pairs
PI656109	PI656109	2:PI656109	2:PI656109	UN		0	0	1	1	-1	0.932238	0	0.0252	7260	3805	124151	596	15	PI656109	PI656109	WGS	RNA	Other pairs
PI656110	PI656110	2:PI656110	2:PI656110	UN		1	0	0	0	-1	0.898485	0	0.0467	9670	8087	117332	685	32	PI656110	PI656110	WGS	RNA	Other pairs
PI656112	PI656112	2:PI656112	2:PI656112	UN		1	0	0	0	-1	0.904992	0	0.0403	9543	6662	119299	571	23	PI656112	PI656112	WGS	RNA	Other pairs
PI656114	PI656114	2:PI656114	2:PI656114	UN		0.5251	0	0.4749	0.4749	-1	0.88221	0	0.0734	6601	18709	110147	572	42	PI656114	PI656114	WGS	RNA	Other pairs
PI656115	PI656115	2:PI656115	2:PI656115	UN		1	0	0	0	-1	0.626766	0	0.0066	48376	4248	82680	909	6	PI656115	PI656115	WGS	RNA	Other pairs
PI656116	PI656116	2:PI656116	2:PI656116	UN		0.5643	0	0.4357	0.4357	-1	0.866702	0	0.0611	7422	21302	106859	573	35	PI656116	PI656116	WGS	RNA	Other pairs
PI656118	PI656118	2:PI656118	2:PI656118	UN		0	0	1	1	-1	0.931182	0	0.0367	6962	4750	123964	599	22	PI656118	PI656118	WGS	RNA	Other pairs
PI656119	PI656119	2:PI656119	2:PI656119	UN		1	0	0	0	-1	0.656374	0	0.0035	43469	2611	84220	867	3	PI656119	PI656119	WGS	RNA	Other pairs
PI656121	PI656121	2:PI656121	2:PI656121	UN		0	0	1	1	-1	0.944753	0	0.0486	5616	3743	126168	556	27	PI656121	PI656121	WGS	RNA	Other pairs
PI659691	PI659691	2:PI659691	2:PI659691	UN		0	0	1	1	-1	0.943928	0	0.0352	6486	2013	125125	597	21	PI659691	PI659691	WGS	RNA	Other pairs
PI659694	PI659694	2:PI659694	2:PI659694	UN		0	0	1	1	-1	0.942963	0	0.0499	5951	3592	126281	581	29	PI659694	PI659694	WGS	RNA	Other pairs
PI659695	PI659695	2:PI659695	2:PI659695	UN		1	0	0	0	-1	0.902336	0	0.028	10823	4715	119420	678	19	PI659695	PI659695	WGS	RNA	Other pairs
PI659696	PI659696	2:PI659696	2:PI659696	UN		0	0	1	1	-1	0.934261	0	0.0351	6927	3966	124642	598	21	PI659696	PI659696	WGS	RNA	Other pairs
PI659753	PI659753	2:PI659753	2:PI659753	UN		0	0	1	1	-1	0.923978	0	0.0643	5877	8774	120362	591	38	PI659753	PI659753	WGS	RNA	Other pairs
SC0003	SC0003	2:SC0003	2:SC0003	UN		1	0	0	0	-1	0.908817	0	0.0267	10873	2656	120279	637	17	SC0003	SC0003	WGS	RNA	Other pairs
SC0027	SC0027	2:SC0027	2:SC0027	UN		1	0	0	0	-1	0.907714	0	0.018	9133	2057	98919	666	12	SC0027	SC0027	WGS	RNA	Other pairs
SC0041	SC0041	2:SC0041	2:SC0041	UN		1	0	0	0	-1	0.924986	0	0.018	8383	1966	114507	610	11	SC0041	SC0041	WGS	RNA	Other pairs
SC0092	SC0092	2:SC0092	2:SC0092	UN		0	0	1	1	-1	0.945192	0	0.0282	6277	2110	125389	567	16	SC0092	SC0092	WGS	RNA	Other pairs
SC0138	SC0138	2:SC0138	2:SC0138	UN		1	0	0	0	-1	0.929075	0	0.0215	7002	2181	104916	651	14	SC0138	SC0138	WGS	RNA	Other pairs
SC0150	SC0150	2:SC0150	2:SC0150	UN		1	0	0	0	-1	0.930451	0	0.0235	8028	2351	121953	639	15	SC0150	SC0150	WGS	RNA	Other pairs
SC0156	SC0156	2:SC0156	2:SC0156	UN		1	0	0	0	-1	0.907592	0	0.0116	11011	2489	119124	690	8	SC0156	SC0156	WGS	RNA	Other pairs
SC0157	SC0157	2:SC0157	2:SC0157	UN		0	0	1	1	-1	0.953731	0	0.0272	5143	1908	124721	552	15	SC0157	SC0157	WGS	RNA	Other pairs
SC0159	SC0159	2:SC0159	2:SC0159	UN		1	0	0	0	-1	0.919375	0	0.0181	8738	2391	112077	662	12	SC0159	SC0159	WGS	RNA	Other pairs
SC0178	SC0178	2:SC0178	2:SC0178	UN		1	0	0	0	-1	0.905298	0	0.0073	9667	1896	100526	682	5	SC0178	SC0178	WGS	RNA	Other pairs
SC0179	SC0179	2:SC0179	2:SC0179	UN		1	0	0	0	-1	0.925962	0	0.0263	8645	2369	121749	608	16	SC0179	SC0179	WGS	RNA	Other pairs
SC0191	SC0191	2:SC0191	2:SC0191	UN		1	0	0	0	-1	0.915174	0	0.0108	8040	1740	95258	651	7	SC0191	SC0191	WGS	RNA	Other pairs
SC0201	SC0201	2:SC0201	2:SC0201	UN		0	0	1	1	-1	0.941898	0	0.0248	6487	2310	122730	605	15	SC0201	SC0201	WGS	RNA	Other pairs
SC0236	SC0236	2:SC0236	2:SC0236	UN		1	0	0	0	-1	0.935153	0	0.0237	6934	1808	112127	591	14	SC0236	SC0236	WGS	RNA	Other pairs
SC0247	SC0247	2:SC0247	2:SC0247	UN		1	0	0	0	-1	0.928409	0	0.0358	8339	2442	122755	614	22	SC0247	SC0247	WGS	RNA	Other pairs
SC0249	SC0249	2:SC0249	2:SC0249	UN		1	0	0	0	-1	0.878194	0	0.0182	12019	8202	112121	659	12	SC0249	SC0249	WGS	RNA	Other pairs
SC0263	SC0263	2:SC0263	2:SC0263	UN		1	0	0	0	-1	0.901954	0	0.0138	10683	2221	107381	653	9	SC0263	SC0263	WGS	RNA	Other pairs
SC0266	SC0266	2:SC0266	2:SC0266	UN		0	0	1	1	-1	0.926776	0	0.1924	6487	6142	117902	551	106	SC0266	SC0266	WGS	RNA	Other pairs
SC0276	SC0276	2:SC0276	2:SC0276	UN		1	0	0	0	-1	0.690443	0	0.0012	39412	2488	89436	856	1	SC0276	SC0276	WGS	RNA	Other pairs
SC0287	SC0287	2:SC0287	2:SC0287	UN		1	0	0	0	-1	0.682578	0	0.0071	40799	2463	89150	844	6	SC0287	SC0287	WGS	RNA	Other pairs
SC0297	SC0297	2:SC0297	2:SC0297	UN		1	0	0	0	-1	0.91317	0	0.0191	10261	2673	120632	682	13	SC0297	SC0297	WGS	RNA	Other pairs
SC0314	SC0314	2:SC0314	2:SC0314	UN		1	0	0	0	-1	0.93227	0	0.0268	7886	2055	121663	559	15	SC0314	SC0314	WGS	RNA	Other pairs
SC0371	SC0371	2:SC0371	2:SC0371	UN		1	0	0	0	-1	0.916194	0	0.0166	7854	1948	95537	661	11	SC0371	SC0371	WGS	RNA	Other pairs
SC0409	SC0409	2:SC0409	2:SC0409	UN		0	0	1	1	-1	0.935282	0	0.0237	6678	3796	122039	632	15	SC0409	SC0409	WGS	RNA	Other pairs
SC0412	SC0412	2:SC0412	2:SC0412	UN		1	0	0	0	-1	0.713876	0	0.0012	31032	3448	80002	821	1	SC0412	SC0412	WGS	RNA	Other pairs
SC0436	SC0436	2:SC0436	2:SC0436	UN		1	0	0	0	-1	0.905416	0	0.0198	11368	2463	119379	658	13	SC0436	SC0436	WGS	RNA	Other pairs
SC0445	SC0445	2:SC0445	2:SC0445	UN		0	0	1	1	-1	0.939005	0	0.0358	6245	2045	110860	587	21	SC0445	SC0445	WGS	RNA	Other pairs
SC0448	SC0448	2:SC0448	2:SC0448	UN		0	0	1	1	-1	0.938843	0	0.0343	6865	2447	122945	612	21	SC0448	SC0448	WGS	RNA	Other pairs
SC0456	SC0456	2:SC0456	2:SC0456	UN		0	0	1	1	-1	0.940115	0	0.0205	7036	2040	125449	584	12	SC0456	SC0456	WGS	RNA	Other pairs
SC0458	SC0458	2:SC0458	2:SC0458	UN		1	0	0	0	-1	0.927224	0	0.0321	6497	1823	93479	592	19	SC0458	SC0458	WGS	RNA	Other pairs
SC0470	SC0470	2:SC0470	2:SC0470	UN		0	0	1	1	-1	0.953019	0	0.042	5163	1938	123421	571	24	SC0470	SC0470	WGS	RNA	Other pairs
SC0479	SC0479	2:SC0479	2:SC0479	UN		1	0	0	0	-1	0.928335	0	0.0346	7615	2050	110896	636	22	SC0479	SC0479	WGS	RNA	Other pairs
SC0505	SC0505	2:SC0505	2:SC0505	UN		0	0	1	1	-1	0.93769	0	0.0309	7005	2468	122754	648	20	SC0505	SC0505	WGS	RNA	Other pairs
SC0517	SC0517	2:SC0517	2:SC0517	UN		0	0	1	1	-1	0.943954	0	0.0436	6400	2135	124703	573	25	SC0517	SC0517	WGS	RNA	Other pairs
SC0521	SC0521	2:SC0521	2:SC0521	UN		1	0	0	0	-1	0.766496	0	0.0066	29937	2396	101005	758	5	SC0521	SC0521	WGS	RNA	Other pairs
SC0540	SC0540	2:SC0540	2:SC0540	UN		0	0	1	1	-1	0.938732	0	0.0281	7014	2289	123857	604	17	SC0540	SC0540	WGS	RNA	Other pairs
SC0542	SC0542	2:SC0542	2:SC0542	UN		0	0	1	1	-1	0.939404	0	0.0215	6847	1736	118735	557	12	SC0542	SC0542	WGS	RNA	Other pairs
SC0547	SC0547	2:SC0547	2:SC0547	UN		1	0	0	0	-1	0.806439	0	0.0307	16583	18469	98330	683	21	SC0547	SC0547	WGS	RNA	Other pairs
SC0550	SC0550	2:SC0550	2:SC0550	UN		1	0	0	0	-1	0.910063	0	0.0275	10550	2494	118125	690	19	SC0550	SC0550	WGS	RNA	Other pairs
SC0551	SC0551	2:SC0551	2:SC0551	UN		0	0	1	1	-1	0.938347	0	0.0211	7045	2322	123732	617	13	SC0551	SC0551	WGS	RNA	Other pairs
SC0556	SC0556	2:SC0556	2:SC0556	UN		0	0	1	1	-1	0.948988	0	0.0464	5852	1973	126232	517	24	SC0556	SC0556	WGS	RNA	Other pairs
SC0581	SC0581	2:SC0581	2:SC0581	UN		0	0	1	1	-1	0.940952	0	0.0377	4893	1624	90099	557	21	SC0581	SC0581	WGS	RNA	Other pairs
SC0582	SC0582	2:SC0582	2:SC0582	UN		1	0	0	0	-1	0.896564	0	0.0074	12355	2199	115522	677	5	SC0582	SC0582	WGS	RNA	Other pairs
SC0604	SC0604	2:SC0604	2:SC0604	UN		1	0	0	0	-1	0.680696	0	0.004	34533	1700	74580	752	3	SC0604	SC0604	WGS	RNA	Other pairs
SC0615	SC0615	2:SC0615	2:SC0615	UN		1	0	0	0	-1	0.661583	0	0.0022	43822	2752	86983	892	2	SC0615	SC0615	WGS	RNA	Other pairs
SC0618	SC0618	2:SC0618	2:SC0618	UN		0	0	1	1	-1	0.948048	0	0.044	5807	2241	125295	591	26	SC0618	SC0618	WGS	RNA	Other pairs
SC0631	SC0631	2:SC0631	2:SC0631	UN		0	0	1	1	-1	0.948053	0	0.0469	6012	1850	125678	512	24	SC0631	SC0631	WGS	RNA	Other pairs
SC0636	SC0636	2:SC0636	2:SC0636	UN		0	0	1	1	-1	0.949559	0	0.0283	5708	2051	125733	565	16	SC0636	SC0636	WGS	RNA	Other pairs
SC0652	SC0652	2:SC0652	2:SC0652	UN		1	0	0	0	-1	0.660277	0	0.0037	41252	2172	81201	818	3	SC0652	SC0652	WGS	RNA	Other pairs
SC0685	SC0685	2:SC0685	2:SC0685	UN		0	0	1	1	-1	0.942384	0	0.023	6517	1994	121905	610	14	SC0685	SC0685	WGS	RNA	Other pairs
SC0713	SC0713	2:SC0713	2:SC0713	UN		1	0	0	0	-1	0.908213	0	0.0074	11157	2158	119994	679	5	SC0713	SC0713	WGS	RNA	Other pairs
SC0741	SC0741	2:SC0741	2:SC0741	UN		1	0	0	0	-1	0.914695	0	0.016	10172	2259	120052	686	11	SC0741	SC0741	WGS	RNA	Other pairs
SC0747	SC0747	2:SC0747	2:SC0747	UN		0	0	1	1	-1	0.954891	0	0.0467	3791	1314	93500	492	23	SC0747	SC0747	WGS	RNA	Other pairs
SC0753	SC0753	2:SC0753	2:SC0753	UN		0	0	1	1	-1	0.954589	0	0.0301	3739	1343	92041	465	14	SC0753	SC0753	WGS	RNA	Other pairs
SC0777	SC0777	2:SC0777	2:SC0777	UN		1	0	0	0	-1	0.908873	0	0.0079	11266	2048	121552	629	5	SC0777	SC0777	WGS	RNA	Other pairs
SC0814	SC0814	2:SC0814	2:SC0814	UN		0	0	1	1	-1	0.940784	0	0.0403	6860	2104	124649	595	24	SC0814	SC0814	WGS	RNA	Other pairs
SC0823	SC0823	2:SC0823	2:SC0823	UN		1	0	0	0	-1	0.914609	0	0.016	9938	2763	119860	686	11	SC0823	SC0823	WGS	RNA	Other pairs
SC0834	SC0834	2:SC0834	2:SC0834	UN		1	0	0	0	-1	0.910673	0	0.0219	10512	2384	118128	685	15	SC0834	SC0834	WGS	RNA	Other pairs
SC0837	SC0837	2:SC0837	2:SC0837	UN		1	0	0	0	-1	0.63316	0	0.0022	45523	2479	79472	908	2	SC0837	SC0837	WGS	RNA	Other pairs
SC0847	SC0847	2:SC0847	2:SC0847	UN		1	0	0	0	-1	0.918538	0	0.0208	9632	2070	119243	673	14	SC0847	SC0847	WGS	RNA	Other pairs
SC0848	SC0848	2:SC0848	2:SC0848	UN		0	0	1	1	-1	0.941971	0	0.0393	6480	2511	124313	611	24	SC0848	SC0848	WGS	RNA	Other pairs
SC0854	SC0854	2:SC0854	2:SC0854	UN		1	0	0	0	-1	0.910122	0	0.0143	10962	2092	120550	629	9	SC0854	SC0854	WGS	RNA	Other pairs
SC0858	SC0858	2:SC0858	2:SC0858	UN		1	0	0	0	-1	0.912709	0	0.0096	10577	2161	120809	624	6	SC0858	SC0858	WGS	RNA	Other pairs
SC0860	SC0860	2:SC0860	2:SC0860	UN		0	0	1	1	-1	0.937299	0	0.0252	3996	1242	68397	555	14	SC0860	SC0860	WGS	RNA	Other pairs
SC0868	SC0868	2:SC0868	2:SC0868	UN		0	0	1	1	-1	0.953682	0	0.0227	4826	1693	115949	528	12	SC0868	SC0868	WGS	RNA	Other pairs
SC0870	SC0870	2:SC0870	2:SC0870	UN		1	0	0	0	-1	0.936424	0	0.0289	6950	1902	115425	622	18	SC0870	SC0870	WGS	RNA	Other pairs
SC0871	SC0871	2:SC0871	2:SC0871	UN		1	0	0	0	-1	0.934733	0	0.0337	7480	2204	121807	623	21	SC0871	SC0871	WGS	RNA	Other pairs
SC0878	SC0878	2:SC0878	2:SC0878	UN		1	0	0	0	-1	0.930305	0	0.0249	7846	2759	121765	602	15	SC0878	SC0878	WGS	RNA	Other pairs
SC0893	SC0893	2:SC0893	2:SC0893	UN		1	0	0	0	-1	0.936119	0	0.0221	7488	2139	124332	587	13	SC0893	SC0893	WGS	RNA	Other pairs
SC0914	SC0914	2:SC0914	2:SC0914	UN		1	0	0	0	-1	0.92795	0	0.0099	6920	1686	99138	607	6	SC0914	SC0914	WGS	RNA	Other pairs
SC0921	SC0921	2:SC0921	2:SC0921	UN		0	0	1	1	-1	0.944855	0	0.0305	6267	2195	125086	591	18	SC0921	SC0921	WGS	RNA	Other pairs
SC0923	SC0923	2:SC0923	2:SC0923	UN		1	0	0	0	-1	0.757834	0	0.0105	31140	2497	100108	765	8	SC0923	SC0923	WGS	RNA	Other pairs
SC0965	SC0965	2:SC0965	2:SC0965	UN		1	0	0	0	-1	0.64076	0	0.0022	46566	2367	83985	894	2	SC0965	SC0965	WGS	RNA	Other pairs
SC0999	SC0999	2:SC0999	2:SC0999	UN		1	0	0	0	-1	0.656199	0	0.0022	44444	2746	86076	896	2	SC0999	SC0999	WGS	RNA	Other pairs
SC1021	SC1021	2:SC1021	2:SC1021	UN		0	0	1	1	-1	0.936998	0	0.0208	7333	2070	123419	626	13	SC1021	SC1021	WGS	RNA	Other pairs
SC1023	SC1023	2:SC1023	2:SC1023	UN		0	0	1	1	-1	0.936436	0	0.0235	7105	2330	120670	637	15	SC1023	SC1023	WGS	RNA	Other pairs
SC1024	SC1024	2:SC1024	2:SC1024	UN		1	0	0	0	-1	0.705079	0	0.0036	34651	2480	84566	845	3	SC1024	SC1024	WGS	RNA	Other pairs
SC1058	SC1058	2:SC1058	2:SC1058	UN		0	0	1	1	-1	0.943516	0	0.0308	5958	2062	115714	616	19	SC1058	SC1058	WGS	RNA	Other pairs
SC1082	SC1082	2:SC1082	2:SC1082	UN		1	0	0	0	-1	0.930617	0	0.0272	8120	1797	120064	625	17	SC1082	SC1082	WGS	RNA	Other pairs
SC1097	SC1097	2:SC1097	2:SC1097	UN		1	0	0	0	-1	0.929024	0	0.0258	8246	2473	122882	620	16	SC1097	SC1097	WGS	RNA	Other pairs
SC1107	SC1107	2:SC1107	2:SC1107	UN		0	0	1	1	-1	0.940714	0	0.0256	6658	2193	121948	586	15	SC1107	SC1107	WGS	RNA	Other pairs
SC1114	SC1114	2:SC1114	2:SC1114	UN		0	0	1	1	-1	0.94377	0	0.0201	6544	1791	123970	547	11	SC1114	SC1114	WGS	RNA	Other pairs
SC1119	SC1119	2:SC1119	2:SC1119	UN		1	0	0	0	-1	0.926141	0	0.0208	8051	3457	120900	624	13	SC1119	SC1119	WGS	RNA	Other pairs
SC1120	SC1120	2:SC1120	2:SC1120	UN		0	0	1	1	-1	0.940217	0	0.0308	3311	1075	59989	520	16	SC1120	SC1120	WGS	RNA	Other pairs
SC1133	SC1133	2:SC1133	2:SC1133	UN		0	0	1	1	-1	0.948495	0	0.0356	5453	1835	116398	533	19	SC1133	SC1133	WGS	RNA	Other pairs
SC1166	SC1166	2:SC1166	2:SC1166	UN		1	0	0	0	-1	0.903296	0	0.0087	11826	2123	119318	686	6	SC1166	SC1166	WGS	RNA	Other pairs
SC1170	SC1170	2:SC1170	2:SC1170	UN		0	0	1	1	-1	0.938483	0	0.0289	6986	2463	124132	589	17	SC1170	SC1170	WGS	RNA	Other pairs
SC1178	SC1178	2:SC1178	2:SC1178	UN		1	0	0	0	-1	0.683781	0	0.0025	40528	2505	89092	810	2	SC1178	SC1178	WGS	RNA	Other pairs
SC1193	SC1193	2:SC1193	2:SC1193	UN		0	0	1	1	-1	0.93647	0	0.0224	7114	2392	121298	626	14	SC1193	SC1193	WGS	RNA	Other pairs
SC1216	SC1216	2:SC1216	2:SC1216	UN		1	0	0	0	-1	0.911703	0	0.0169	10484	2372	119312	649	11	SC1216	SC1216	WGS	RNA	Other pairs
SC1442	SC1442	2:SC1442	2:SC1442	UN		1	0	0	0	-1	0.891093	0	0.0262	10161	8638	114158	648	17	SC1442	SC1442	WGS	RNA	Other pairs
