sample	nRefHom	nAltHom	nHet	nMissing	nCalled	het_rate
BTx643	22115117	596085	81021	447735	22792223	0.00355477
BTx645	27373015	482621	81533	372164	27937169	0.00291844
ExPVP_PI543243	27455649	1803328	629022	1619767	29887999	0.021046
ExPVP_PI543247	29211256	973293	427263	927828	30611812	0.0139575
ExPVP_PI544069	28388472	1444831	528340	1309092	30361643	0.0174016
ExPVP_PI554646	29084322	1338767	479020	1211777	30902109	0.0155012
ExPVP_PI554647	28495265	1427883	523046	1297325	30446194	0.0171794
ExPVP_PI554648	29578390	1128655	431594	1035381	31138639	0.0138604
ExPVP_PI554649	27904422	1685933	583307	1511847	30173662	0.0193317
ExPVP_PI554650	28254964	1575134	591878	1443598	30421976	0.0194556
ExPVP_PI554652	28968774	1330515	472784	1202983	30772073	0.0153641
ExPVP_PI554654	28251862	1341041	462973	1198266	30055876	0.0154037
ExPVP_PI555457	29818909	1051812	389773	957639	31260494	0.0124685
ExPVP_PI561926	27743451	1725732	629561	1568158	30098744	0.0209165
ExPVP_PI562621	28466103	1425789	664342	1385394	30556234	0.0217416
ExPVP_PI562622	28756981	1341463	491943	1215801	30590387	0.0160816
ExPVP_PI562623	28497615	1317361	485141	1192542	30300117	0.0160112
ExPVP_PI562624	28697648	1345759	547124	1255323	30590531	0.0178854
ExPVP_PI562625	28838429	1307070	433006	1158502	30578505	0.0141605
ExPVP_PI564085	28057033	1622209	546246	1444668	30225488	0.0180724
ExPVP_PI574398	27047694	1934534	739907	1781745	29722135	0.0248941
ExPVP_PI574406	28965478	1078350	374337	962394	30418165	0.0123064
ExPVP_PI574407	26119941	2217717	878444	2056716	29216102	0.0300671
ExPVP_PI594354	28323548	1557316	552694	1405883	30433558	0.0181607
ExPVP_PI594355	29827549	1053517	393723	961968	31274789	0.0125891
ExPVP_PI595221	27754968	1712544	597761	1532870	30065273	0.0198821
ExPVP_PI596332	29180140	1286578	451865	1162001	30918583	0.0146147
ExPVP_PI596567	27788875	1570324	517983	1384927	29877182	0.0173371
ExPVP_PI601264	27762319	1627860	587231	1471826	29977410	0.0195891
ExPVP_PI601415	27581432	1676135	610909	1519403	29868476	0.0204533
ExPVP_PI601552	27587765	621693	3771241	2886177	31980699	0.117922
ExPVP_PI601553	26669917	1506754	512460	1339294	28689131	0.0178625
ExPVP_PI601554	28096176	1367347	509520	1246645	29973043	0.0169993
ExPVP_PI601555	27099711	1340845	410359	1168679	28850915	0.0142234
ExPVP_PI601556	26544068	1879658	674393	1698303	29098119	0.0231765
ExPVP_PI601557	28041035	1597860	559096	1434700	30197991	0.0185143
ExPVP_PI601716	25257149	1696794	657323	1566085	27611266	0.0238063
ExPVP_PI601717	27120240	1418721	445612	1241372	28984573	0.0153741
ExPVP_PI601718	28304882	1131589	333092	969894	29769563	0.011189
ExPVP_PI601719	28769667	1315169	498506	1205162	30583342	0.0162999
ExPVP_PI601720	28721045	1154046	329871	980885	30204962	0.0109211
ExPVP_PI601721	28243155	1273272	419130	1122724	29935557	0.0140011
ExPVP_PI601743	25858572	1802342	661799	1639825	28322713	0.0233664
ExPVP_PI601744	26579524	1647146	506744	1429063	28733414	0.0176361
ExPVP_PI601756	27192208	1726706	584161	1534955	29503075	0.0198
ExPVP_PI602599	29494349	1100788	383989	984184	30979126	0.0123951
ExPVP_PI602600	27996671	1288639	398097	1113490	29683407	0.0134114
PI152651	27214611	1607291	499282	1395557	29321184	0.017028
PI153844	22235513	1390367	211862	1052039	23837742	0.00888767
PI153846	24338479	904164	304452	793130	25547095	0.0119173
PI17548	23052978	1653369	280829	1273572	24987176	0.0112389
PI22326	23791657	1302861	234307	1011376	25328825	0.00925061
PI24969	26422629	1888709	744807	1752210	29056145	0.0256334
PI276837	28407171	1355547	486787	1215939	30249505	0.0160924
PI329435	29952644	837302	384011	812777	31173957	0.0123183
PI329440	28116572	1458424	568294	1344210	30143290	0.0188531
PI34911	24382340	1366976	240488	1058935	25989804	0.00925317
PI35038	28366880	1313855	516677	1211919	30197412	0.01711
PI48770	25272569	941567	157102	719031	26371238	0.00595732
PI533745	15608522	884730	130928	667912	16624180	0.00787576
PI533746	21858052	1672163	273373	1279192	23803588	0.0114845
PI533747	19052187	1243126	186634	941281	20481947	0.00911212
PI533749	17289846	1014845	155854	768081	18460545	0.00844255
PI533750	23546768	1699329	283407	1303670	25529504	0.0111012
PI533751	24940621	1226015	261123	981210	26427759	0.00988063
PI533752	27804111	1541477	596051	1421688	29941639	0.0199071
PI533753	20608889	1145323	186181	876064	21940393	0.00848576
PI533754	26774876	1717127	679985	1589698	29171988	0.0233095
PI533755	27513473	1569590	701069	1508477	29784132	0.0235383
PI533756	25549756	1106763	198720	854592	26855239	0.00739967
PI533757	28476523	1334629	558580	1264602	30369732	0.0183927
PI533758	28495461	1301457	527868	1221972	30324786	0.0174071
PI533759	28798196	1292653	435905	1152630	30526754	0.0142794
PI533760	27834202	1429945	544547	1315292	29808694	0.0182681
PI533761	28548756	1297362	475558	1184748	30321676	0.0156838
PI533762	24872892	1289474	219769	995359	26382135	0.00833022
PI533763	23828181	1520950	257215	1173297	25606346	0.010045
PI533764	13656702	724289	117415	553728	14498406	0.00809848
PI533765	15780318	907538	140169	690391	16828025	0.0083295
PI533766	27531765	1639129	648786	1524488	29819680	0.021757
PI533768	24888515	1400599	264596	1096268	26553710	0.00996456
PI533769	27690987	1510176	571637	1387009	29772800	0.0192
PI533770	24663635	1481257	264669	1150198	26409561	0.0100217
PI533771	24241586	1447327	235575	1109091	25924488	0.00908697
PI533772	22201779	1515722	233930	1153407	23951431	0.00976685
PI533774	23789417	1430654	226899	1092087	25446970	0.00891654
PI533775	21885384	1308807	212897	1000907	23407088	0.00909541
PI533776	27457076	1626300	646726	1516255	29730102	0.0217532
PI533777	18605686	1138477	152308	851659	19896471	0.00765503
PI533778	24426381	1532112	260242	1184601	26218735	0.0099258
PI533779	20682813	1289301	199298	978205	22171412	0.00898896
PI533780	23667831	1689070	278179	1295586	25635080	0.0108515
PI533781	23768172	1613717	285988	1252193	25667877	0.0111419
PI533782	24011302	1306157	221366	1004958	25538825	0.00866782
PI533783	24349008	1531492	257564	1179714	26138064	0.00985398
PI533784	23267693	1453876	262982	1133065	24984551	0.0105258
PI533785	26582335	1799984	803419	1732429	29185738	0.0275278
PI533786	23845181	1629541	261421	1242528	25736143	0.0101577
PI533787	23927457	1350692	226225	1039865	25504374	0.00887005
PI533788	26616090	1790178	784696	1712275	29190964	0.0268815
PI533789	28275720	1423886	516059	1293496	30215665	0.0170792
PI533790	23748815	1658667	297466	1289960	25704948	0.0115723
PI533791	23235748	1635378	282070	1264913	25153196	0.0112141
PI533792	27606654	1552178	523706	1380468	29682538	0.0176436
PI533793	25241856	1149480	201551	890755	26592887	0.00757913
PI533794	28686326	1314554	522095	1224901	30522975	0.017105
PI533795	23369813	1751191	305743	1353307	25426747	0.0120245
PI533797	23729220	1740724	293318	1337748	25763262	0.0113851
PI533798	24360762	1062869	166885	809263	25590516	0.00652136
PI533799	28759380	1275982	501840	1183983	30537202	0.0164337
PI533800	28084611	1407836	560090	1310208	30052537	0.018637
PI533802	24750426	1144302	192271	883425	26086999	0.00737038
PI533803	23243158	1599759	259453	1226067	25102370	0.0103358
PI533804	20104853	1240604	188095	941897	21533552	0.00873497
PI533807	27365383	1602696	633770	1490341	29601849	0.0214098
PI533808	22990575	1251761	194877	953429	24437213	0.0079746
PI533809	23061546	1568875	265384	1208729	24895805	0.0106598
PI533810	26822925	1808268	713519	1680597	29344712	0.0243151
PI533811	24225819	1398265	258376	1093483	25882460	0.00998267
PI533812	21859812	1374903	221708	1052719	23456423	0.00945191
PI533813	22568931	1619894	275077	1248694	24463902	0.0112442
PI533814	26725201	1822758	801265	1751925	29349224	0.0273011
PI533816_1	23522521	1729069	318605	1348803	25570195	0.01246
PI533816_2	22893414	1658765	285098	1279463	24837277	0.0114786
PI533818	20028812	1238706	166569	926446	21434087	0.00777122
PI533819	23767275	1172142	803914	1301415	25743331	0.031228
PI533820	15433097	778959	126303	594598	16338359	0.00773046
PI533821	28893584	1392494	506710	1264594	30792788	0.0164555
PI533822	27772971	1550434	680044	1485895	30003449	0.0226655
PI533823	21110557	1259960	198386	961804	22568903	0.00879024
PI533824	26625105	1944165	717496	1770619	29286766	0.024499
PI533825	23052537	1486145	249738	1143307	24788420	0.0100748
PI533828	24519750	1592379	269870	1226819	26381999	0.0102293
PI533829	22110226	1443267	203568	1083856	23757061	0.00856874
PI533830	20985709	1062736	146165	796123	22194610	0.00658561
PI533831	27946241	1438030	612460	1367002	29996731	0.0204176
PI533832	25487641	1269985	230201	991113	26987827	0.00852981
PI533833	21998132	1474696	219140	1114564	23691968	0.00924955
PI533834	21691743	978964	138295	736992	22809002	0.00606318
PI533835	20603859	850949	128999	647198	21583807	0.00597666
PI533836	19979559	1028221	143457	770712	21151237	0.00678244
PI533837	22569063	1006774	144910	759183	23720747	0.006109
PI533838	27177891	1645217	770187	1613464	29593295	0.0260257
PI533839	24182592	2860299	1262472	2727756	28305363	0.0446019
PI533840	23244361	1480995	223478	1124267	24948834	0.00895745
PI533841	24047003	1052024	171332	800946	25270359	0.00677996
PI533842	27317941	1735362	695771	1621526	29749074	0.023388
PI533843	27587512	1720084	800761	1674958	30108357	0.026596
PI533844	19040905	1011532	149084	762487	20201521	0.00737984
PI533846	16048486	914491	140264	695773	17103241	0.00820102
PI533847	18092996	850067	128150	643313	19071213	0.00671955
PI533848	10090185	550459	88459	421353	10729103	0.00824477
PI533849	23985336	1388538	245426	1078348	25619300	0.00957973
PI533850	17483044	921394	133077	694043	18537515	0.00717879
PI533851	20742628	1273629	196221	966004	22212478	0.00883382
PI533852	23706928	1469526	226356	1117679	25402810	0.00891067
PI533853	17398822	1027484	130832	761425	18557138	0.00705023
PI533854	19211033	1144692	185130	875317	20540855	0.00901277
PI533855	23662443	1208898	200354	925106	25071695	0.00799124
PI533856	23342788	1494215	249339	1146461	25086342	0.00993923
PI533857	22727456	1476432	225379	1121586	24429267	0.00922578
PI533858	24038172	1396865	214069	1062030	25649106	0.00834606
PI533859	19421438	1164438	161131	874103	20747007	0.00776647
PI533860	24387680	1176795	197114	905960	25761589	0.00765147
PI533861	21685631	1176299	156049	877156	23017979	0.00677944
PI533862	22578719	1967088	361048	1533012	24906855	0.0144959
PI533863	24785550	1245834	209838	955918	26241222	0.0079965
PI533864	23016699	1216125	181657	921278	24414481	0.00744054
PI533866	23391765	1473847	302765	1168861	25168377	0.0120296
PI533867	17985652	936355	125836	699997	19047843	0.00660631
PI533869	27481349	1542090	611965	1429326	29635404	0.0206498
PI533870	23866143	1556451	253211	1191640	25675805	0.00986185
PI533871	27490205	1689308	547798	1487558	29727311	0.0184274
PI533872	23275145	1595605	279095	1232610	25149845	0.0110973
PI533873	19722300	1123164	156460	842130	21001924	0.00744979
PI533874	23632397	1505892	242470	1151532	25380759	0.0095533
PI533876	24240471	1494594	247596	1146892	25982661	0.00952928
PI533877	22184211	1499818	216220	1128594	23900249	0.00904677
PI533878	27023731	1686236	687034	1579002	29397001	0.0233709
PI533879	17806173	1136042	159138	851414	19101353	0.00833124
PI533880	22049937	1339396	195200	1009783	23584533	0.00827661
PI533881	23105044	1582667	251229	1206938	24938940	0.0100738
PI533882	26580465	1904529	706395	1731909	29191389	0.0241987
PI533884	23371387	1505972	237441	1148116	25114800	0.00945423
PI533885	23277174	1519297	237769	1156957	25034240	0.00949775
PI533887	20757440	1320758	196716	999119	22274914	0.00883128
PI533888	25147771	1308674	234288	1016961	26690733	0.00877788
PI533893	20568550	1175740	156667	877190	21900957	0.00715343
PI533894	22457834	1444969	209579	1090875	24112382	0.00869176
PI533895	20806559	1120124	164085	847250	22090768	0.00742776
PI533897	24316823	1397798	270313	1099887	25984934	0.0104027
PI533898	24056308	1545934	268627	1196996	25870869	0.0103834
PI533899	23702969	1527266	240814	1164228	25471049	0.00945442
PI533900	24288886	1520861	275092	1184929	26084839	0.010546
PI533901	28069389	1436675	614427	1361070	30120491	0.020399
PI533902	20673682	1791581	264980	1349055	22730243	0.0116576
PI533903	25851139	2195692	879702	2045642	28926533	0.0304116
PI533904	22759416	1954491	347871	1514931	25061778	0.0138805
PI533905_1	23321828	1565458	255272	1197721	25142558	0.010153
PI533905_2	23516265	1589144	264890	1220096	25370299	0.0104409
PI533906	16973887	1081156	148710	808909	18203753	0.00816919
PI533907	22802767	1815652	321723	1406219	24940142	0.0128998
PI533908	22531630	2014814	337798	1547045	24884242	0.0135748
PI533909	20673986	1000876	156526	763514	21831388	0.00716977
PI533910	28167002	1435668	691115	1422503	30293785	0.0228138
PI533911	27783564	1446913	661649	1402932	29892126	0.0221346
PI533912	27617172	1546010	656078	1467949	29819260	0.0220018
PI533913	27336835	1694559	695373	1586682	29726767	0.0233922
PI533914	25115395	1235823	218348	956474	26569566	0.00821797
PI533915	27652188	1515913	537551	1360404	29705652	0.0180959
PI533916	24094804	1583056	272447	1221047	25950307	0.0104988
PI533917	23336009	1621957	256201	1236703	25214167	0.010161
PI533918	24738418	1153978	196716	891781	26089112	0.00754016
PI533919	26319676	1970117	792834	1835313	29082627	0.0272614
PI533920	19471588	1442697	198935	1078213	21113220	0.0094223
PI533921	26394547	1906940	733403	1748214	29034890	0.0252594
PI533922	21766113	1760819	287645	1347689	23814577	0.0120785
PI533923	15908530	764405	113534	578630	16786469	0.00676342
PI533924	21665526	1813314	284648	1377143	23763488	0.0119784
PI533925	22777731	1756032	292006	1346564	24825769	0.0117622
PI533926	24060582	941853	146864	714048	25149299	0.00583969
PI533927	26798363	1861530	788237	1759521	29448130	0.026767
PI533928	23066142	994447	150882	751745	24211471	0.00623184
PI533929	25158293	1204768	227238	938050	26590299	0.0085459
PI533930	24751097	1281035	238617	1004358	26270749	0.00908299
PI533931	23327710	1576100	255829	1206888	25159639	0.0101682
PI533932	22652502	1400305	216708	1063524	24269515	0.00892923
PI533934	15526955	794565	131492	610167	16453012	0.00799197
PI533935	18164611	1200995	174167	904605	19539773	0.00891346
PI533936	28808822	1310261	536339	1224838	30655422	0.0174957
PI533937	28900412	1263175	533876	1191776	30697463	0.0173915
PI533938	26777672	1589601	619119	1461708	28986392	0.021359
PI533939	24409574	1218686	191211	928835	25819471	0.00740569
PI533940	28585383	1365802	491527	1228452	30442712	0.016146
PI533941	18863610	899847	125845	672773	19889302	0.00632727
PI533942	18971742	1231394	179812	929612	20382948	0.00882169
PI533943	27089765	1673798	703786	1583144	29467349	0.0238836
PI533944	22684582	1608267	280310	1246123	24573159	0.0114072
PI533946	15190399	692170	107223	525872	15989792	0.00670572
PI533947	18595875	1166728	168396	879927	19930999	0.00844895
PI533948	29630369	968654	427442	925716	31026465	0.0137767
PI533949	28573460	1319428	488366	1205351	30381254	0.0160746
PI533950	15155921	913561	121500	682786	16190982	0.00750418
PI533951	23116901	1505880	238265	1149144	24861046	0.00958387
PI533952	25216225	1105831	210962	866600	26533018	0.00795092
PI533953	14432914	509569	79055	386101	15021538	0.00526278
PI533954	28183257	1476180	699495	1449870	30358932	0.0230408
PI533955	28781501	1287303	517221	1195250	30586025	0.0169104
PI533956	27823886	1581426	558039	1418406	29963351	0.0186241
PI533957	27816291	1745377	735805	1651680	30297473	0.024286
PI533958	16933373	1351978	181698	1007770	18467049	0.00983904
PI533959	24314641	1209602	278749	982473	25802992	0.010803
PI533960	23905057	1271593	192873	965392	25369523	0.00760255
PI533961	24096729	1376862	228283	1055911	25701874	0.00888196
PI533962	28439356	1341255	530148	1248158	30310759	0.0174904
PI533963	24875501	1042613	173775	799331	26091889	0.00666012
PI533964	27812856	1495151	560519	1369985	29868526	0.0187662
PI533965	27561748	1566738	677199	1491063	29805685	0.0227205
PI533966	25096629	1217456	203260	934868	26517345	0.00766517
PI533967	27919677	1478351	651865	1416614	30049893	0.0216928
PI533968	20243164	968634	140881	731828	21352679	0.00659781
PI533969	24917334	1160629	196810	896636	26274773	0.00749045
PI533970	28273678	1461303	604655	1375920	30339636	0.0199295
PI533971	22127050	1002587	159067	764521	23288704	0.00683022
PI533972	28324105	1358239	515849	1248957	30198193	0.0170821
PI533973	24818155	1232657	212720	955722	26263532	0.00809944
PI533974	26499019	1183150	214129	924374	27896298	0.00767589
PI533975	25843144	1091391	184150	835978	27118685	0.00679052
PI533976	28425926	1300614	597342	1264995	30323882	0.0196987
PI533977	22795766	1128916	183832	865996	24108514	0.00762519
PI533978	19750636	1057756	141227	789837	20949619	0.00674127
PI533979	28979740	1177517	533761	1133632	30691018	0.0173914
PI533980	28104743	1467899	582252	1367343	30154894	0.0193087
PI533981	26079194	984516	183584	764943	27247294	0.0067377
PI533982	25759536	1102153	189612	847995	27051301	0.00700935
PI533983	24058274	1117562	188349	861661	25364185	0.00742579
PI533984	25201725	1265686	220320	980219	26687731	0.00825548
PI533985	27968579	1478795	538143	1341221	29985517	0.0179468
PI533986	28441160	1352923	477089	1219078	30271172	0.0157605
PI533987	28261415	1413242	467863	1252217	30142520	0.0155217
PI533988	14232937	571699	84488	432952	14889124	0.00567448
PI533989	28485327	1305110	639857	1294976	30430294	0.021027
PI533990	14782019	658072	97558	499812	15537649	0.00627881
PI533991	28392844	1263443	530413	1198557	30186700	0.0175711
PI533992	20522899	1090316	146396	813977	21759611	0.00672788
PI533993	25439949	1358244	243046	1057225	27041239	0.00898798
PI533994	25854887	1174311	213336	915073	27242534	0.00783099
PI533995	22813848	1121681	155346	841189	24090875	0.00644833
PI533996	29186632	1148320	508734	1106119	30843686	0.0164939
PI533997	27347995	1601684	713876	1536769	29663555	0.0240658
PI533999	25432516	1709983	286045	1312223	27428544	0.0104287
PI534001	23531680	1309299	199118	993008	25040097	0.00795197
PI534002	20700135	1089189	151959	818512	21941283	0.00692571
PI534004	22211203	1472666	226170	1116726	23910039	0.00945921
PI534005	24040328	1516871	282762	1188615	25839961	0.0109428
PI534006	18359680	1024959	140472	767515	19525111	0.00719443
PI534007	24192993	1504204	265724	1166654	25962921	0.0102347
PI534008	23455769	1379885	231651	1060874	25067305	0.00924116
PI534009	27579180	1635161	731260	1579243	29945601	0.0244196
PI534010	14505471	818755	127224	624341	15451450	0.00823379
PI534011	17709883	1061390	161431	804900	18932704	0.00852657
PI534013	18987286	1167107	172780	884176	20327173	0.00849995
PI534014	19452816	1286069	180731	965659	20919616	0.00863931
PI534015	23481277	1540859	249908	1180068	25272044	0.00988871
PI534016	20559248	1253628	184131	947328	21997007	0.00837073
PI534017	17021018	967719	142731	731450	18131468	0.007872
PI534019	23482899	1531820	280413	1196098	25295132	0.0110857
PI534020	23288738	1426058	221515	1083954	24936311	0.00888323
PI534021	27472055	1734522	709126	1630737	29915703	0.0237041
PI534022	17364633	1068491	144676	799539	18577800	0.00778757
PI534023	22986524	1619175	277242	1250453	24882941	0.0111419
PI534024	23409817	1322466	871830	1444089	25604113	0.0340504
PI534025	22987644	1622538	270061	1248371	24880243	0.0108544
PI534026	19118202	1205427	152964	893317	20476593	0.00747019
PI534027	23086253	1635488	277355	1261904	24999096	0.0110946
PI534028	27267923	1840730	807738	1764235	29916391	0.0269998
PI534030	22293561	1720787	270956	1308516	24285304	0.0111572
PI534031	17160048	863088	134504	656718	18157640	0.00740757
PI534032	22447719	1453940	216713	1100796	24118372	0.00898539
PI534033	22890076	1481881	234874	1128325	24606831	0.00954507
PI534034	22708647	1601846	249184	1217719	24559677	0.0101461
PI534035	23637671	1397192	238329	1075235	25273192	0.00943011
PI534036	21206910	1405376	214854	1067672	22827140	0.00941222
PI534037	27500746	1792455	733493	1681837	30026694	0.024428
PI534038	24712255	1282236	214921	987531	26209412	0.00820015
PI534040	24469235	1367229	266761	1074918	26103225	0.0102195
PI534041	25017780	1524919	280919	1189119	26823618	0.0104728
PI534042	19346709	914309	129049	687249	20390067	0.00632901
PI534043	24348955	1086252	200317	848851	25635524	0.00781404
PI534044	22708957	1049859	158359	795275	23917175	0.00662114
PI534045	24784412	1161227	197917	895573	26143556	0.00757039
PI534046	27721472	1496623	628766	1417136	29846861	0.0210664
PI534047	28653205	1382480	546233	1287081	30581918	0.0178613
PI534049	25215229	1215493	218071	947004	26648793	0.00818315
PI534050	24609490	1239190	221062	962351	26069742	0.00847964
PI534051	25275686	1405210	267029	1101360	26947925	0.00990907
PI534052	25572173	975383	158868	745828	26706424	0.00594868
PI534053	27937654	1624441	662914	1522461	30225009	0.0219326
PI534054	28967998	1291769	569398	1242243	30829165	0.0184695
PI534055	23659406	1661563	307470	1295392	25628439	0.0119972
PI534057	21989474	1398105	201978	1052665	23589557	0.00856218
PI534058	24345738	1497988	253510	1156731	26097236	0.00971406
PI534059	22912851	1377851	199560	1040155	24490262	0.00814854
PI534060	14965266	831721	113181	625008	15910168	0.00711375
PI534061	20746577	1002364	150953	760217	21899894	0.00689286
PI534062	18435285	1363418	190362	1020523	19989065	0.00952331
PI534063	24743179	1144305	193922	879525	26081406	0.00743526
PI534065	23085049	1693114	290704	1305980	25068867	0.0115962
PI534066	23845676	1664302	280867	1280626	25790845	0.0108902
PI534067	23218010	1653896	282679	1274575	25154585	0.0112377
PI534069	23579653	1641003	286873	1270468	25507529	0.0112466
PI534070	27820558	1619131	556143	1447876	29995832	0.0185407
PI534072	23844448	1494739	244280	1145248	25583467	0.00954835
PI534073	25548661	1245697	219448	967219	27013806	0.00812355
PI534074	13748087	762069	107805	573506	14617961	0.00737483
PI534075	27278943	1704409	675416	1583712	29658768	0.0227729
PI534076	13246429	756420	106683	568267	14109532	0.00756106
PI534077	23382827	1562292	261317	1199207	25206436	0.0103671
PI534078	23818699	1710728	294034	1321343	25823461	0.0113863
PI534079	27057619	1688708	733570	1615226	29479897	0.0248837
PI534080	23500579	1610145	267953	1239582	25378677	0.0105582
PI534081	15358471	859452	125665	648726	16343588	0.00768895
PI534082	23967567	1630758	290796	1263615	25889121	0.0112324
PI534083	19182719	1126433	160687	847228	20469839	0.00784994
PI534084	22153449	1377727	343263	1135234	23874439	0.0143778
PI534085	23188340	1507730	250796	1158480	24946866	0.0100532
PI534086	17969144	1049210	143891	784283	19162245	0.00750909
PI534087	23767736	1454977	462404	1263530	25685117	0.0180028
PI534088	27842483	1701241	637070	1560038	30180794	0.0211085
PI534089	22992444	1287671	183267	969435	24463382	0.00749148
PI534090	24174429	1543270	275382	1197607	25993081	0.0105944
PI534091	23977715	1480164	252362	1139071	25710241	0.00981562
PI534092	26783468	1730343	881570	1738444	29395381	0.0299901
PI534094	20643313	1183842	172683	892667	21999838	0.00784929
PI534096	24841650	2642529	1041452	2428882	28525631	0.0365093
PI534097	27648033	1580886	687159	1502080	29916078	0.0229696
PI534098	24136692	1352610	207821	1029386	25697123	0.00808733
PI534099	28379628	1351327	612351	1312236	30343306	0.0201808
PI534100	26495627	989778	173358	764605	27658763	0.00626774
PI534101	22879308	1161314	178836	882045	24219458	0.00738398
PI534102	25418750	1067720	177529	816122	26663999	0.006658
PI534103	23043311	980667	153914	746695	24177892	0.0063659
PI534105	28798436	1290673	487834	1182087	30576943	0.0159543
PI534106	20453194	1102820	154110	827317	21710124	0.00709853
PI534107	20432727	756160	112583	570828	21301470	0.00528522
PI534108	23117615	950843	146034	722912	24214492	0.00603085
PI534109	25448384	1274391	229561	989162	26952336	0.0085173
PI534110	11902860	443297	69705	338497	12415862	0.00561419
PI534111	24898107	1143342	188169	879814	26229618	0.00717391
PI534112	23549490	1043393	156221	791221	24749104	0.00631219
PI534113	25816062	1111584	193537	860075	27121183	0.00713601
PI534114	28107247	1490348	609968	1397738	30207563	0.0201926
PI534115	28784720	1258573	579007	1226680	30622300	0.018908
PI534116	25616615	2169407	840294	1996927	28626316	0.0293539
PI534117	27292583	1877334	772608	1760033	29942525	0.025803
PI534118	23860790	1742643	306585	1344728	25910018	0.0118327
PI534119	22516167	1310179	221416	1007899	24047762	0.00920734
PI534120	23198020	1752590	295302	1344375	25245912	0.011697
PI534121	18130479	1108831	159404	834788	19398714	0.00821725
PI534122	16139146	1240206	163675	923053	17543027	0.00932992
PI534123	21446208	1433708	205912	1076733	23085828	0.00891941
PI534124	23190236	1874782	335824	1453026	25400842	0.013221
PI534126_1	21050221	1714982	247266	1288819	23012469	0.0107449
PI534126_2	22103668	1875720	292737	1424769	24272125	0.0120606
PI534127	22734922	1810650	295768	1383980	24841340	0.0119063
PI534128	25920765	2012564	795380	1860408	28728709	0.0276859
PI534130	19836257	1147464	159639	859477	21143360	0.00755031
PI534131	22188311	1579648	228692	1188501	23996651	0.00953016
PI534132	23145147	1468131	231427	1117713	24844705	0.00931494
PI534133	26170292	1955593	719563	1774659	28845448	0.0249455
PI534134	22374345	1887978	296460	1437134	24558783	0.0120714
PI534135	26821215	1945768	695530	1750398	29462513	0.0236073
PI534136	23455764	1785618	322802	1388894	25564184	0.0126271
PI534137	26338370	1889437	676651	1697518	28904458	0.0234099
PI534138	28001813	1469174	613747	1387107	30084734	0.0204006
PI534139	27678663	1748117	629395	1574909	30056175	0.0209406
PI534140	23437560	1201728	204459	928785	24843747	0.0082298
PI534141	23841611	1361553	227426	1044007	25430590	0.00894301
PI534142	25283436	1240509	211054	956072	26734999	0.0078943
PI534144	22688679	1401088	220017	1064731	24309784	0.00905055
PI534145	22562250	1621003	318937	1275685	24502190	0.0130167
PI534146	24780023	762873	124986	585412	25667882	0.00486935
PI534147	19245027	1228794	165527	917524	20639348	0.00801997
PI534148	22536120	1707440	286303	1309818	24529863	0.0116716
PI534149	20930368	1698565	254885	1284452	22883818	0.0111382
PI534150	22484285	1202084	181056	910220	23867425	0.0075859
PI534151	23234112	1794545	305964	1383172	25334621	0.0120769
PI534152	11220062	747475	112891	565238	12080428	0.00934495
PI534153	24487797	1476365	255993	1140866	26220155	0.00976321
PI534154	25738106	1205144	222133	945140	27165383	0.00817706
PI534155	26440446	1902851	885086	1857858	29228383	0.0302817
PI534156	22423352	1740462	282760	1331591	24446574	0.0115664
PI534157	24605603	960398	155033	733807	25721034	0.00602748
PI534158	23767634	1425250	269229	1116521	25462113	0.0105737
PI534159	21782758	1638063	243631	1235630	23664452	0.0102952
PI534160	25126975	1206837	194393	922799	26528205	0.00732779
PI534162	22712965	1714649	274049	1309455	24701663	0.0110944
PI534163	28297535	1433329	656382	1392332	30387246	0.0216006
PI534164	23638678	1542230	250206	1182072	25431114	0.00983858
PI534165	23572826	1160987	187157	888775	24920970	0.00751002
PI534166	23893035	1669706	287453	1291200	25850194	0.01112
PI534167	26394280	1839545	723508	1702000	28957333	0.0249853
PI540816	28004176	1549046	564202	1404931	30117424	0.0187334
PI542406	26730434	1764970	736362	1663522	29231766	0.0251905
PI542718	26558389	1964943	624010	1715794	29147342	0.0214088
PI548797	27918008	1514885	676439	1455744	30109332	0.0224661
PI552856	29936296	814825	320050	753891	31071171	0.0103005
PI552861	30544036	835928	368625	798823	31748589	0.0116108
PI561071	27722124	1511980	591100	1400110	29825204	0.0198188
PI561072	28626658	1238928	442189	1117013	30307775	0.01459
PI561073	27620570	1510778	700848	1465094	29832196	0.023493
PI562730	25365923	2307466	847764	2090880	28521153	0.029724
PI564163	33007737	1338	98981	65454	33108056	0.00298963
PI564164	27926688	1316062	775202	1392211	30017952	0.0258246
PI564165	28021606	1414266	606514	1346703	30042386	0.0201886
PI565121	29215680	1096084	413430	1006785	30725194	0.0134557
PI566819	29041430	1131338	459733	1049909	30632501	0.015008
PI576130	23916557	1090749	165842	826981	25173148	0.00658805
PI576328	24594040	1656473	299187	1287351	26549700	0.0112689
PI576329	26343839	924400	151577	704564	27419816	0.00552801
PI576330	23785536	1488835	415224	1254734	25689595	0.0161631
PI576332	28712626	1345592	573824	1273252	30632042	0.0187328
PI576333	28813549	1212925	501211	1138051	30527685	0.0164182
PI576334	23775880	1613952	290608	1255775	25680440	0.0113163
PI576335	24436987	1272428	330407	1052336	26039822	0.0126885
PI576337	22339561	1430673	215055	1082644	23985289	0.00896612
PI576338	22705604	965882	148816	730541	23820302	0.00624744
PI576339	28768170	1274224	494197	1169854	30536591	0.0161838
PI576340	28872478	1229057	470576	1125148	30572111	0.0153923
PI576341	24029673	1283914	198556	976946	25512143	0.0077828
PI576342	23703311	1559927	262279	1196524	25525517	0.0102752
PI576343	22949005	1213182	181702	915573	24343889	0.00746397
PI576345	29614665	1109207	389388	993923	31113260	0.0125152
PI576346	23726610	1438086	226880	1098778	25391576	0.00893525
PI576347	22379143	1580892	250107	1200524	24210142	0.0103307
PI576348	20808408	2098521	341411	1600416	23248340	0.0146854
PI576349	24411380	2469372	1044027	2329760	27924779	0.0373871
PI576350	26536962	1252294	2568094	2525217	30357350	0.0845955
PI576351	25633911	1288561	237643	1008606	27160115	0.00874971
PI576352	28788392	1279078	495436	1175622	30562906	0.0162104
PI576354	24391789	1227494	198003	940656	25817286	0.0076694
PI576355	17110655	690422	99338	520743	17900415	0.00554948
PI576357	23087815	1600609	273757	1231583	24962181	0.0109669
PI576358	24464940	1393948	240495	1074747	26099383	0.00921459
PI576359	27816958	1705108	670615	1579400	30192681	0.0222112
PI576360	24438723	1393485	237481	1072308	26069689	0.00910947
PI576361	23530076	1432490	227651	1093944	25190217	0.00903728
PI576362	14142648	801896	123599	609983	15068143	0.00820267
PI576363	23307160	1072033	169992	819014	24549185	0.00692455
PI576364	28541786	1421246	551372	1307250	30514404	0.0180692
PI576366	27625056	1585206	619867	1471301	29830129	0.0207799
PI576368	23567847	1395685	233956	1072163	25197488	0.00928489
PI576369	25911966	1397583	238144	1077888	27547693	0.00864479
PI576370	25548592	1412506	243720	1094354	27204818	0.00895871
PI576371	21535300	1024234	146214	772698	22705748	0.00643951
PI576372	24496550	1268556	216681	979742	25981787	0.00833973
PI576373	28981218	1233807	483898	1143802	30698923	0.0157627
PI576374	25092287	1089436	176887	833957	26358610	0.00671079
PI576375	26617378	1809210	675104	1652421	29101692	0.0231981
PI576376	22548905	1730295	278946	1319630	24558146	0.0113586
PI576377	24268638	1464567	239522	1122343	25972727	0.00922206
PI576378	23208300	1561197	580603	1410979	25350100	0.0229034
PI576379	19877784	1544617	216484	1156836	21638885	0.0100044
PI576380	28274220	1381914	515351	1263778	30171485	0.0170807
PI576381	26416897	2051044	829918	1912201	29297859	0.0283269
PI576382	20968505	1334063	196801	1007869	22499369	0.00874696
PI576383	24036923	1711564	292377	1320355	26040864	0.0112276
PI576385	28178705	1455469	518161	1311972	30152335	0.0171848
PI576386	28422443	1425511	501916	1286027	30349870	0.0165377
PI576387	28273782	1365624	562166	1288343	30201572	0.0186138
PI576389	24592801	1321777	234734	1021030	26149312	0.00897668
PI576390	27621023	1582336	627503	1469666	29830862	0.0210354
PI576391	26275767	1994527	778892	1840303	29049186	0.0268129
PI576392	25771048	1001821	198071	789438	26970940	0.00734387
PI576393	24982357	1301762	332660	1079468	26616779	0.0124981
PI576394	22801864	1291143	192870	977387	24285877	0.00794165
PI576395	24042790	1240532	200299	950079	25483621	0.00785991
PI576396	28567852	1389591	564363	1304169	30521806	0.0184905
PI576397	26516182	1255217	227097	973631	27998496	0.00811104
PI576398	11632032	747140	104678	559491	12483850	0.00838507
PI576399	27702729	1567860	600087	1440911	29870676	0.0200895
PI576400	22613861	617138	96513	467242	23327512	0.0041373
PI576401	26785160	1903780	631440	1683325	29320380	0.0215359
PI576402	21874335	1599059	275241	1232609	23748635	0.0115898
PI576403	24698814	1590123	279822	1232789	26568759	0.010532
PI576404_1	22428270	1378543	218070	1050139	24024883	0.00907684
PI576404_2	24979178	1295330	226586	1004877	26501094	0.00855006
PI576405	23985437	1480462	263190	1147686	25729089	0.0102293
PI576406	23750710	1569790	273359	1215900	25593859	0.0106806
PI576407	19778556	1375686	200218	1034765	21354460	0.00937593
PI576408	17995166	864997	129753	653085	18989916	0.00683273
PI576409	24332127	1436026	247473	1108774	26015626	0.00951248
PI576410	16693366	771483	116726	582900	17581575	0.00663911
PI576411_1	23906197	1214834	191398	926559	25312429	0.00756142
PI576411_2	25705806	1356560	239734	1052439	27302100	0.00878079
PI576412	19291723	974599	134798	730654	20401120	0.00660738
PI576413	24459211	1126971	189124	865236	25775306	0.00733741
PI576414	21389457	938817	138115	709473	22466389	0.00614763
PI576415	24230581	1509684	248349	1159203	25988614	0.00955607
PI576416	24701489	1330227	217135	1019884	26248851	0.00827217
PI576416_1	24583443	1426553	242302	1097607	26252298	0.00922974
PI576417	23951266	1526243	258638	1179202	25736147	0.0100496
PI576418	27239418	1853270	652057	1665437	29744745	0.0219218
PI576419	23679806	1507546	239864	1151990	25427216	0.00943336
PI576420	20037654	1010857	138389	754435	21186900	0.00653182
PI576421	25244457	1233726	201706	946127	26679889	0.00756023
PI576422	29464039	1173167	485023	1100803	31122229	0.0155845
PI576423	22032716	1749883	291170	1339663	24073769	0.0120949
PI576424	21782712	1750535	274846	1331417	23808093	0.0115442
PI576425	22900428	1563164	263887	1203238	24727479	0.0106718
PI576426	27216328	1738096	701901	1625294	29656325	0.0236678
PI576427	23996541	1570844	260716	1203140	25828101	0.0100943
PI576428	28406719	1396634	522615	1278359	30325968	0.0172333
PI576429	23857630	1392002	257469	1086400	25507101	0.010094
PI576431	22443161	1807588	290026	1376798	24540775	0.0118181
PI576432	21262335	1161265	177286	881683	22600886	0.00784421
PI576433	24169120	1197675	195962	918364	25562757	0.00766592
PI576434	27878414	1502288	654282	1436497	30034984	0.021784
PI576435	27705887	1613970	596989	1468467	29916846	0.0199549
PI576436	16860808	699134	103987	527402	17663929	0.00588697
PI576437	27495720	1600807	658304	1506018	29754831	0.0221243
PI585291	28523629	817304	2017194	1881737	31358127	0.0643276
PI585295	28056061	1501342	531511	1355708	30088914	0.0176647
PI595699	27004993	1710222	474839	1452272	29190054	0.0162672
PI595700	23156025	1558770	278485	1210506	24993280	0.0111424
PI595701	25123109	1114652	190270	856234	26428031	0.00719955
PI595702	29072949	1240952	502288	1156454	30816189	0.0162995
PI595703	21995357	1769749	302887	1363566	24067993	0.0125846
PI595704	24243305	1714629	299975	1328076	26257909	0.0114242
PI595705	22179335	1388545	207079	1049096	23774959	0.00870996
PI595706	19902141	1153100	162393	866778	21217634	0.00765368
PI595708	24346898	1399107	262230	1095754	26008235	0.0100826
PI595709	24639660	1315511	233920	1023475	26189091	0.00893196
PI595710	22991275	1260460	205105	963871	24456840	0.00838641
PI595711	23724829	1345102	248077	1049692	25318008	0.00979844
PI595712	25383813	1261872	201885	964786	26847570	0.00751967
PI595713	23261563	1644928	286891	1268606	25193382	0.0113876
PI595714	27663481	1535211	538965	1379045	29737657	0.018124
PI595715	22641173	1486936	257581	1148174	24385690	0.0105628
PI595716	23620334	1263596	222914	977753	25106844	0.00887861
PI595717	24021291	1171892	193494	898499	25386677	0.00762187
PI595718	27133561	1684067	803614	1654744	29621242	0.0271297
PI595719	24703272	1139450	190033	874467	26032755	0.00729977
PI595720	26736620	1809252	634092	1624970	29179964	0.0217304
PI595721	23453356	1519238	246003	1162821	25218597	0.00975482
PI595722	23118426	1541565	237172	1170994	24897163	0.00952607
PI595723	22609763	1687713	277410	1292841	24574886	0.0112884
PI595724	23247913	1512989	250188	1162635	25011090	0.0100031
PI595725	20822312	1065311	148778	798609	22036401	0.00675147
PI595726	22989834	1445032	243598	1108628	24678464	0.00987087
PI595727	23194534	1357337	220486	1036300	24772357	0.00890049
PI595728	22214389	1656296	262860	1263214	24133545	0.0108919
PI595729	24169059	1544170	268939	1196238	25982168	0.0103509
PI595730	21212461	1766106	266316	1336809	23244883	0.011457
PI595731	24443531	1438004	246763	1107991	26128298	0.00944428
PI595732	21587524	829345	118394	625821	22535263	0.00525372
PI595733	24687230	1175341	195811	905409	26058382	0.00751432
PI595734	25428783	1195466	226080	938117	26850329	0.00842001
PI595735	24907058	1285307	245689	1012359	26438054	0.00929301
PI595736	25217691	1353352	240896	1051890	26811939	0.00898465
PI595737	26435354	991654	193029	781855	27620037	0.00698873
PI595738	22200149	1047963	168122	803391	23416234	0.00717972
PI595739	28719175	1251315	464988	1142744	30435478	0.0152778
PI595740	20797517	860581	121460	645525	21779558	0.00557679
PI595741	26726487	1833069	642097	1638870	29201653	0.0219884
PI595742	18791490	1380450	192611	1033389	20364551	0.00945815
PI595743	24657606	1080507	174753	824508	25912866	0.00674387
PI595744	28914000	1200485	405073	1067485	30519558	0.0132726
PI595745	28472990	1315274	518092	1222647	30306356	0.0170952
PI595746	18534396	899555	135403	681803	19569354	0.00691913
PI595747	25223188	1354397	235963	1047113	26813548	0.00880014
PI595748	25038266	1257305	206887	962519	26502458	0.00780633
PI597943	24494551	1561879	259963	1201228	26316393	0.00987837
PI597944	23812859	1354248	212685	1032432	25379792	0.00838009
PI597945	24427190	1090051	167168	829006	25684409	0.00650854
PI597946	27105731	1823324	755676	1708650	29684731	0.0254567
PI597947	21401240	804178	124739	610638	22330157	0.00558612
PI597949	27598402	1571605	643161	1472905	29813168	0.0215731
PI597950	22987756	1342929	232804	1035984	24563489	0.00947764
PI597951	27097526	1918907	712931	1746332	29729364	0.0239807
PI597952	23250790	1341367	227866	1033095	24820023	0.00918073
PI597953	24616490	1332011	217292	1020609	26165793	0.00830443
PI597955	21899250	1420215	217157	1077375	23536622	0.00922635
PI597956	21565013	1301553	188942	979711	23055508	0.00819509
PI597957	23660342	1600528	272334	1232522	25533204	0.0106659
PI597958	28543664	1430765	608538	1357075	30582967	0.0198979
PI597959	24575383	1283844	218903	991921	26078130	0.00839412
PI597960	27517754	1677833	621200	1529902	29816787	0.0208339
PI597961	27973947	1438680	545110	1322972	29957737	0.018196
PI597962	23532048	935255	147759	714683	24615062	0.00600279
PI597963	18006332	800643	117906	605548	18924881	0.00623021
PI597964	27997914	1412107	578040	1324940	29988061	0.0192757
PI597965	27725877	1544543	594672	1425943	29865092	0.0199119
PI597966	28525207	1383088	567155	1296326	30475450	0.0186102
PI597967	29161942	1162598	481515	1097752	30806055	0.0156305
PI597968	27022367	1705991	690127	1594445	29418485	0.023459
PI597970	16677012	961828	129713	717798	17768553	0.00730014
PI597971	28002704	1510261	550209	1374035	30063174	0.0183018
PI597972	27090292	1788992	721736	1669997	29601020	0.0243821
PI597973	27244010	1731228	627609	1570474	29602847	0.021201
PI597974	24377992	1528340	257144	1172807	26163476	0.00982836
PI597975	18220435	924409	130343	692934	19275187	0.00676222
PI597976	27732508	1647979	616343	1506742	29996830	0.0205469
PI597977	22190005	1501255	229843	1137996	23921103	0.00960838
PI597978	23416170	1265744	191478	959189	24873392	0.00769811
PI597979	24512431	1493425	255268	1151686	26261124	0.00972038
PI597980	28529598	1330798	505792	1226026	30366188	0.0166564
PI597981	22144264	1152385	168290	870397	23464939	0.00717198
PI597982	27996734	1490693	583284	1380390	30070711	0.0193971
PI598069	26593392	1915388	776021	1791057	29284801	0.0264991
PI598070	21425464	1821866	312438	1403566	23559768	0.0132615
PI601816	29197532	1122336	408593	1021331	30728461	0.0132969
PI607931	29486167	1125175	473721	1064144	31085063	0.0152395
PI609456	23221453	3040120	1326970	2880162	27588543	0.0480986
PI613536	27657711	1649115	593896	1492426	29900722	0.0198623
PI629034	28140824	1469434	560357	1353890	30170615	0.0185729
PI629040	27049149	1649344	723733	1581263	29422226	0.0245982
PI629059	29669789	942304	332583	847957	30944676	0.0107477
PI641824	24048751	1325064	220938	1012509	25594753	0.00863216
PI641836	28966496	1202544	505107	1132612	30674147	0.0164669
PI641849	26807125	1771678	769289	1684621	29348092	0.0262126
PI641874	24122673	1205203	210408	925979	25538284	0.00823892
PI642791	29254041	1158061	415348	1044460	30827450	0.0134733
PI642793	29028235	1223538	474709	1128977	30726482	0.0154495
PI642992	27773061	1558519	710156	1510762	30041736	0.023639
PI642998	25042498	2398086	869188	2166789	28309772	0.0307028
PI651492	27364455	1574360	612400	1453355	29551215	0.0207233
PI651496	28226105	1380545	553359	1287373	30160009	0.0183474
PI653616	28216114	1349394	541842	1252376	30107350	0.017997
PI653617	24018169	1598899	292429	1242587	25909497	0.0112866
PI655970	29732909	900162	355819	830649	30988890	0.0114821
PI655971	26348123	1920936	753820	1778617	29022879	0.0259733
PI655972	28714620	1219958	479572	1126089	30414150	0.0157681
PI655973	24416415	1323204	221995	1017654	25961614	0.00855089
PI655974	29768889	846662	471500	872566	31087051	0.0151671
PI655975	29304456	1111432	463105	1042925	30878993	0.0149974
PI655976	28645616	1248646	517931	1171373	30412193	0.0170304
PI655977	28157549	1394053	538238	1284752	30089840	0.0178877
PI655978	26575600	1929376	688662	1739465	29193638	0.0235895
PI655979	27948073	1514446	595477	1409927	30057996	0.0198109
PI655980	26417020	1888232	793438	1779689	29098690	0.0272671
PI655981	29876488	785406	485970	841119	31147864	0.015602
PI655982	30204103	784877	307024	726543	31296004	0.00981033
PI655983	29078017	1208508	461559	1106760	30748084	0.015011
PI655984	26987919	1651365	648675	1523080	29287959	0.0221482
PI655985	28418924	1304995	546717	1231455	30270636	0.018061
PI655986	28816706	1225177	451329	1115523	30493212	0.014801
PI655987	29809420	906052	361902	840777	31077374	0.0116452
PI655988	30270812	885002	419109	863518	31574923	0.0132735
PI655989	30022604	835163	374842	802690	31232609	0.0120016
PI655990	27369672	1671914	635674	1534354	29677260	0.0214196
PI655991	24962471	837130	135100	635925	25934701	0.00520924
PI655992	24173955	656437	104124	497594	24934516	0.0041759
PI655993	29228381	1037420	538849	1043577	30804650	0.0174925
PI655994	28099066	1287982	882977	1438237	30270025	0.02917
PI655995	25065071	2337942	844743	2109826	28247756	0.0299048
PI655996	27155737	1658819	610055	1507012	29424611	0.0207328
PI655997	27521275	1574880	586492	1430580	29682647	0.0197587
PI655998	25956239	731889	127794	562547	26815922	0.0047656
PI655999	25122400	2158899	1181389	2218676	28462688	0.0415066
PI656000	31654551	391127	177331	378452	32223009	0.00550324
PI656001	28983127	1231452	469625	1135327	30684204	0.0153051
PI656002	29427527	994750	435870	949165	30858147	0.014125
PI656003	28324628	1413298	565444	1307030	30303370	0.0186594
PI656004	27558980	1622690	645157	1506471	29826827	0.0216301
PI656005	28531047	1237857	554239	1192693	30323143	0.0182778
PI656006	27609838	1574568	547111	1407422	29731517	0.0184017
PI656007	28669521	1206664	503328	1134606	30379513	0.016568
PI656008	28683817	1237261	498470	1152726	30419548	0.0163865
PI656009	28969767	1191415	400354	1059619	30561536	0.0130999
PI656010	26910758	1618822	946189	1705573	29475769	0.0321006
PI656011	27759569	1345384	820655	1438464	29925608	0.0274232
PI656012	26181053	1916026	835883	1832973	28932962	0.0288903
PI656013	27327076	1246748	1837420	2044477	30411244	0.0604191
PI656014	26341239	1119272	2800075	2596956	30260586	0.0925321
PI656015	27278139	1693436	551554	1492873	29523129	0.0186821
PI656016	29684872	887969	346186	821051	30919027	0.0111965
PI656017	26810067	1956077	775633	1816868	29541777	0.0262555
PI656018	29062874	1230536	494190	1139644	30787600	0.0160516
PI656019	29698041	973709	433619	935450	31105369	0.0139403
PI656020	29040004	1183639	424591	1064288	30648234	0.0138537
PI656021	26627369	1738959	978910	1806546	29345238	0.0333584
PI656022	23172365	1558625	255045	1191567	24986035	0.0102075
PI656023	28931641	1192452	449618	1090425	30573711	0.014706
PI656024	28978821	1136098	614102	1165372	30729021	0.0199844
PI656025	26886748	1875471	867190	1821038	29629409	0.0292679
PI656026	25993580	1024045	186570	799109	27204195	0.00685813
PI656027	27879982	1506464	688089	1460325	30074535	0.0228795
PI656028	28372454	1239613	555542	1188469	30167609	0.0184152
PI656029	27217370	1575652	684943	1498988	29477965	0.0232358
PI656031	28606523	1206015	548427	1168086	30360965	0.0180636
PI656032	27482481	923354	2528384	2284067	30934219	0.0817342
PI656033	26706915	1943648	791610	1820350	29442173	0.0268869
PI656034	25424177	1015254	167758	779032	26607189	0.00630499
PI656035	27108939	1707536	690486	1597521	29506961	0.0234008
PI656036	27788738	1337124	788812	1410636	29914674	0.0263687
PI656037	28460103	1288029	646832	1288956	30394964	0.0212809
PI656038	25246911	1041229	185573	803357	26473713	0.00700971
PI656039	25755611	1057939	189909	819687	27003459	0.00703277
PI656040	27268655	1618305	803710	1605496	29690670	0.0270694
PI656041	26803181	1955464	786675	1824418	29545320	0.026626
PI656042	28597112	1243089	679853	1273212	30520054	0.0222756
PI656043	28818922	1292118	495449	1189556	30606489	0.0161877
PI656044	29168508	1141547	389743	1019883	30699798	0.0126953
PI656046	27127992	1745756	805737	1693121	29679485	0.0271479
PI656047	26422799	1790464	957846	1831655	29171109	0.0328354
PI656048	31223586	534882	232772	510617	31991240	0.00727612
PI656049	23739149	1009723	159078	765368	24907950	0.00638664
PI656050	27086560	1554720	903560	1638192	29544840	0.0305827
PI656051	28401909	1351482	454548	1201830	30207939	0.0150473
PI656052	23504562	1288012	210188	986434	25002762	0.00840659
PI656053	30649167	636887	376266	672894	31662320	0.0118837
PI656054	27416616	1609514	891279	1664398	29917409	0.0297913
PI656055	28628484	1178649	666843	1225357	30473976	0.0218824
PI656056	28623790	1248374	427646	1111681	30299810	0.0141138
PI656057	18968748	935813	138018	706809	20042579	0.00688624
PI656058	29475773	953604	603875	1036950	31033252	0.019459
PI656059	30056298	854075	366512	816673	31276885	0.0117183
PI656060	29532718	870022	635138	997894	31037878	0.0204633
PI656061	28823521	993614	708899	1142810	30526034	0.0232228
PI656062	27977891	1385409	870097	1499136	30233397	0.0287793
PI656063	29439916	646836	1262166	1266964	31348918	0.0402619
PI656064	26745649	2076231	812536	1921323	29634416	0.0274187
PI656065	27399190	1660414	541725	1462180	29601329	0.0183007
PI656066	26240742	1925350	821957	1821898	28988049	0.028355
PI656067	26301048	1765284	991682	1831178	29058014	0.0341277
PI656068	29074129	1012854	568830	1050806	30655813	0.0185554
PI656069	28451156	1160785	801422	1306881	30413363	0.026351
PI656070	28496769	1153850	676040	1220249	30326659	0.0222919
PI656071	27947447	1561219	680085	1496292	30188751	0.0225278
PI656072	26602388	2066405	805296	1904043	29474089	0.0273222
PI656073	21916179	1637422	256366	1242498	23809967	0.0107672
PI656074	27889268	1478120	839709	1541702	30207097	0.0277984
PI656075	28518072	1291634	575839	1243907	30385545	0.0189511
PI656076	28339878	1281996	629872	1270877	30251746	0.020821
PI656077	22665473	1410811	196095	1057525	24272379	0.00807894
PI656078	24321370	2659702	1337031	2643121	28318103	0.0472147
PI656079	27622731	1539184	789432	1552073	29951347	0.0263571
PI656080	24366680	2822391	1243838	2691383	28432909	0.0437464
PI656081	20524425	2410161	427308	1853973	23361894	0.0182908
PI656082	22708145	1801028	280233	1365950	24789406	0.0113045
PI656083	24131511	1017376	157169	773690	25306056	0.00621073
PI656085	25277607	1238518	218402	961765	26734527	0.00816929
PI656086	27056549	1723736	701670	1611293	29481955	0.0238
PI656087	28168654	1390187	612481	1332501	30171322	0.0203001
PI656088	26131687	1896008	942397	1885481	28970092	0.03253
PI656089	27214405	1607063	947671	1703937	29769139	0.031834
PI656090	26468176	1742033	995367	1821820	29205576	0.0340814
PI656091	22327675	1713519	282575	1310270	24323769	0.0116172
PI656092	27251849	1826444	694974	1670544	29773267	0.0233422
PI656093	23656350	1324113	195678	1000160	25176141	0.00777236
PI656094	24279599	1503055	261397	1161145	26044051	0.0100367
PI656095	26665148	1865229	877657	1820445	29408034	0.0298441
PI656096	27103969	1791551	689825	1649560	29585345	0.0233164
PI656097	27545988	1826236	666168	1658671	30038392	0.0221772
PI656098	28030264	1332476	725648	1369031	30088388	0.0241172
PI656099	26739332	1785251	899489	1785182	29424072	0.0305698
PI656100	26734152	1770455	884620	1765638	29389227	0.0301001
PI656101	27958252	1567659	604370	1445422	30130281	0.0200586
PI656102	27937733	1485301	597175	1382585	30020209	0.0198924
PI656103	27417619	1660341	792489	1634106	29870449	0.0265309
PI656104	23502636	1673646	312336	1306716	25488618	0.0122539
PI656105	28988373	1050878	614752	1110170	30654003	0.0200545
PI656106	28699223	1139180	674526	1207769	30512929	0.0221062
PI656107	23335548	1436219	218980	1089778	24990747	0.00876244
PI656108	27389188	1755942	769367	1685890	29914497	0.0257189
PI656109	27018634	1695664	916598	1729235	29630896	0.0309339
PI656110	26048671	1996100	1444124	2289651	29488895	0.0489718
PI656111	28149337	1549551	635103	1454808	30333991	0.020937
PI656112	28171518	1294127	715668	1336594	30181313	0.0237123
PI656114	28180814	1093053	1190264	1518837	30464131	0.039071
PI656115	26791310	1684899	817066	1663303	29293275	0.0278926
PI656116	27907672	1197431	1411020	1732184	30516123	0.0462385
PI656118	28201235	1361557	695482	1369574	30258274	0.0229849
PI656119	22222388	1605062	262776	1224219	24090226	0.010908
PI656120	28468080	1290418	662957	1301656	30421455	0.0217924
PI656121	27246846	1516027	783920	1531339	29546793	0.0265315
PI659691	24012905	1405296	240950	1083153	25659151	0.00939041
PI659694	27801772	1566784	924774	1655890	30293330	0.0305273
PI659695	26257311	1869921	993424	1903291	29120656	0.0341141
PI659696	28048529	1413386	730957	1428835	30192872	0.0242096
PI659753	26978347	1558222	984660	1686717	29521229	0.0333543
SC0003	24730072	1327033	246020	1033199	26303125	0.00935326
SC0027	17011366	1187635	158274	886357	18357275	0.00862187
SC0041	21929904	1000758	145541	755888	23076203	0.00630697
SC0092	24684292	1345846	238606	1043423	26268744	0.00908327
SC0138	17111401	1301574	189116	980210	18602091	0.0101664
SC0150	23509513	1534446	243223	1169149	25287182	0.00961843
SC0156	22324581	1752530	274654	1332766	24351765	0.0112786
SC0157	23334303	1373072	211626	1041784	24919001	0.00849256
SC0159	18759470	1412035	184622	1047829	20356127	0.0090696
SC0178	18200761	1232571	163743	916940	19597075	0.00835548
SC0179	23320778	1319455	212348	1007468	24852581	0.0085443
SC0191	17097235	984021	133488	735773	18214744	0.00732857
SC0201	22445867	1364448	222343	1045785	24032658	0.0092517
SC0236	19687056	1120178	153254	836187	20960488	0.00731157
SC0247	24002978	1508511	294338	1187681	25805827	0.0114059
SC0249	23367068	1161485	326337	978083	24854890	0.0131297
SC0263	19941733	1106531	156608	831454	21204872	0.00738547
SC0266	22823205	1229961	440135	1098808	24493301	0.0179696
SC0276	21593600	1506085	214869	1131549	23314554	0.00921609
SC0287	23338502	1426869	238393	1097441	25003764	0.00953428
SC0297	24263091	1664401	298799	1294847	26226291	0.0113931
SC0314	24132336	957745	155069	730563	25245150	0.00614253
SC0343	21593672	1163431	170604	879069	22927707	0.00744095
SC0371	16608762	1042899	145404	782936	17797065	0.00817011
SC0400	21405409	1076063	411707	979210	22893179	0.0179838
SC0409	22822777	1508863	226789	1142504	24558429	0.00923467
SC0412	18960578	967561	217755	781652	20145894	0.0108089
SC0436	24254918	1429849	268178	1118104	25952945	0.0103332
SC0445	19652031	1146690	178912	872184	20977633	0.0085287
SC0448	23036268	1436470	221551	1093467	24694289	0.00897175
SC0456	25666759	1222699	235465	961890	27124923	0.00868076
SC0458	16873123	862379	136907	660050	17872409	0.00766024
SC0470	22336931	1291961	209367	991207	23838259	0.00878281
SC0479	20194976	1211982	166167	907475	21573125	0.0077025
SC0505	22226044	1844446	288802	1403411	24359292	0.0118559
SC0517	23905121	1299113	208637	991913	25412871	0.00820989
SC0521	23902131	1532079	249828	1174998	25684038	0.00972698
SC0540	23656835	1535091	258408	1181478	25450334	0.0101534
SC0542	23255162	895057	127716	674509	24277935	0.00526058
SC0547	23627769	1369938	775770	1409771	25773477	0.0300995
SC0550	19693513	2515785	427785	1925633	22637083	0.0188975
SC0551	23724692	1613686	267245	1241845	25605623	0.010437
SC0556	25731771	1040022	180833	802598	26952626	0.00670929
SC0581	15832877	810927	122775	615007	16766579	0.0073226
SC0582	22798014	1403519	211892	1061520	24413425	0.00867932
SC0602	21180351	1022601	142767	766290	22345719	0.00638901
SC0604	19634413	624773	99917	475549	20359103	0.00490773
SC0615	23425512	1589680	284355	1233527	25299547	0.0112395
SC0616	23841183	1582370	264951	1214930	25688504	0.010314
SC0618	24100937	1569194	276329	1216126	25946460	0.01065
SC0631	25700164	955060	168277	735927	26823501	0.00627349
SC0636	24517514	1281874	211521	983625	26010909	0.00813201
SC0652	20540614	1160248	167993	874842	21868855	0.00768184
SC0685	22754100	1189815	187835	908911	24131750	0.00778373
SC0713	24381795	1347740	237973	1045526	25967508	0.00916426
SC0741	23377904	1519629	258566	1171903	25156099	0.0102785
SC0747	15537625	799977	110329	599473	16447931	0.00670777
SC0753	16440844	552407	81964	417059	17075215	0.00480017
SC0777	27058949	1244258	226739	971760	28529946	0.0079474
SC0814	23820525	1518408	265334	1176772	25604267	0.0103629
SC0823	22541025	1835461	312736	1412526	24689222	0.0126669
SC0834	21780941	1456340	222514	1105103	23459795	0.00948491
SC0837	22060757	1145390	168128	863995	23374275	0.00719286
SC0847	21588508	1478878	208959	1109050	23276345	0.00897731
SC0848	23081091	1690593	315461	1320216	25087145	0.0125746
SC0854	24748724	1361164	213608	1034353	26323496	0.00811473
SC0858	24777673	1324090	229972	1022495	26331735	0.00873364
SC0860	12057623	610605	89615	461408	12757843	0.00702431
SC0864	24615541	1278179	196701	969122	26090421	0.0075392
SC0868	21809509	979332	143914	740195	22932755	0.00627548
SC0870	20629281	1347820	206459	1023878	22183560	0.00930685
SC0871	23510877	1398484	214943	1060723	25124304	0.00855518
SC0877	23182082	1302512	182049	975708	24666643	0.00738037
SC0878	24041748	1386199	226699	1059725	25654646	0.00883657
SC0893	25597002	1257860	212282	965813	27067144	0.00784279
SC0895	24321786	1388955	252755	1081648	25963496	0.00973501
SC0914	18730971	802638	122204	609040	19655813	0.00621719
SC0921	23981845	1433741	226307	1092866	25641893	0.00882567
SC0923	24550384	1306094	226647	1011348	26083125	0.00868941
SC0965	23953286	1281896	200739	977537	25435921	0.00789195
SC0999	22699859	1867877	314400	1433894	24882136	0.0126356
SC1021	23320618	1559962	259606	1198579	25140186	0.0103263
SC1023	21051781	1549575	225634	1166558	22826990	0.00988453
SC1024	19870472	1411665	207554	1065159	21489691	0.00965831
SC1058	19933087	1281527	198437	974717	21413051	0.00926711
SC1082	22711311	1416291	204722	1066063	24332324	0.00841358
SC1097	23482632	1457219	252787	1126757	25192638	0.0100342
SC1107	24075801	1230180	197331	939058	25503312	0.00773747
SC1114	24590140	1047775	155289	790848	25793204	0.00602054
SC1119	23791375	1408735	264725	1103343	25464835	0.0103957
SC1120	10726241	458158	68164	347892	11252563	0.00605764
SC1133	22757483	829176	122998	626578	23709657	0.00518768
SC1166	23081349	1619132	258155	1236315	24958636	0.0103433
SC1170	24486315	1395153	249265	1082071	26130733	0.00953915
SC1178	23810532	1313382	216951	1008131	25340865	0.00856131
SC1193	22515301	1357275	234222	1049577	24106798	0.00971601
SC1216	23411403	1431234	259996	1113399	25102633	0.0103573
SC1442	24502433	1360807	258131	1063496	26121371	0.00988199
SC1446	24630826	1464343	278340	1148669	26373509	0.0105538
Wild_PI156549	21104970	1003828	2846034	2524087	24954832	0.114047
