PI	Run	Layout
PI533843	ERR8097532	PAIRED
PI533843	ERR8097938	PAIRED
PI533843	ERR8098058	PAIRED
PI533843	ERR8097864	PAIRED
PI533843	ERR8097915	PAIRED
PI533843	ERR8098053	PAIRED
PI533843	ERR8157241	PAIRED
PI576350	ERR8050961	PAIRED
PI576350	ERR8056282	PAIRED
PI576350	ERR8058469	PAIRED
PI576350	ERR8169036	PAIRED
PI576350	ERR8169870	PAIRED
PI576350	ERR8170704	PAIRED
PI576350	ERR8281572	PAIRED
PI576350	ERR8157024	PAIRED
PI576350	ERR8170968	PAIRED
PI576350	ERR8171711	PAIRED
PI576352	ERR8097260	PAIRED
PI576352	ERR8097292	PAIRED
PI576352	ERR8097549	PAIRED
PI576352	ERR8098038	PAIRED
PI576352	ERR8157206	PAIRED
PI576352	ERR8097943	PAIRED
PI576352	ERR8175718	PAIRED
PI576380	ERR8049933	PAIRED
PI576380	ERR8058437	PAIRED
PI576380	ERR8058589	PAIRED
PI576380	ERR8092953	PAIRED
PI576380	ERR8172043	PAIRED
PI576380	ERR8169446	PAIRED
PI576380	ERR8170346	PAIRED
PI576380	ERR8169634	PAIRED
PI576380	ERR8171771	PAIRED
PI576380	ERR8173524	PAIRED
PI597951	ERR8097296	PAIRED
PI597951	ERR8097560	PAIRED
PI597951	ERR8106042	PAIRED
PI597951	ERR8097616	PAIRED
PI597951	ERR8097835	PAIRED
PI597951	ERR8097847	PAIRED
PI597951	ERR8097965	PAIRED
PI597961	ERR8060718	PAIRED
PI597961	ERR8097257	PAIRED
PI597961	ERR8097501	PAIRED
PI597961	ERR8097850	PAIRED
PI597961	ERR8097883	PAIRED
PI597961	ERR8097945	PAIRED
PI597961	ERR8106286	PAIRED
PI597961	ERR8097614	PAIRED
