sample	source
BTx643	NEW
BTx645	NEW
PI152651	SAP
PI153844	NEW
PI153846	NEW
PI153852	NEW
PI17548	NEW
PI17548	SAP
PI22326	NEW
PI24969	SAP
PI276837	SAP
PI329435	SAP
PI329440	SAP
PI34911	NEW
PI34911	SAP
PI35038	SAP
PI48770	NEW
PI48770	SAP
PI533745	NEW
PI533746	NEW
PI533747	NEW
PI533749	NEW
PI533750	NEW
PI533750	SAP
PI533751	NEW
PI533752	SAP
PI533753	NEW
PI533754	SAP
PI533755	SAP
PI533756	NEW
PI533757	SAP
PI533758	SAP
PI533759	SAP
PI533760	SAP
PI533761	SAP
PI533762	NEW
PI533762	SAP
PI533763	NEW
PI533764	NEW
PI533765	NEW
PI533766	SAP
PI533768	NEW
PI533769	SAP
PI533770	NEW
PI533771	NEW
PI533772	NEW
PI533774	NEW
PI533775	NEW
PI533776	SAP
PI533777	NEW
PI533778	NEW
PI533779	NEW
PI533780	NEW
PI533781	NEW
PI533782	NEW
PI533783	NEW
PI533784	NEW
PI533785	SAP
PI533786	NEW
PI533787	NEW
PI533788	SAP
PI533789	SAP
PI533790	NEW
PI533791	NEW
PI533792	SAP
PI533793	NEW
PI533794	SAP
PI533795	NEW
PI533797	NEW
PI533798	NEW
PI533799	SAP
PI533800	SAP
PI533802	NEW
PI533803	NEW
PI533804	NEW
PI533807	SAP
PI533808	NEW
PI533809	NEW
PI533810	SAP
PI533811	NEW
PI533812	NEW
PI533813	NEW
PI533814	SAP
PI533816_1	NEW
PI533816_2	NEW
PI533818	NEW
PI533819	NEW
PI533820	NEW
PI533821	SAP
PI533822	SAP
PI533823	NEW
PI533824	SAP
PI533825	NEW
PI533827	NEW
PI533828	NEW
PI533829	NEW
PI533830	NEW
PI533830	SAP
PI533831	SAP
PI533832	NEW
PI533833	NEW
PI533833	SAP
PI533834	NEW
PI533835	NEW
PI533836	NEW
PI533837	NEW
PI533838	SAP
PI533839	SAP
PI533840	NEW
PI533841	NEW
PI533841	SAP
PI533842	SAP
PI533843	SAP
PI533844	NEW
PI533845	SAP
PI533846	NEW
PI533847	NEW
PI533848	NEW
PI533849	NEW
PI533850	NEW
PI533851	NEW
PI533852	NEW
PI533852	SAP
PI533853	NEW
PI533854	NEW
PI533855	NEW
PI533855	SAP
PI533856	NEW
PI533856	SAP
PI533857	NEW
PI533858	NEW
PI533859	NEW
PI533860	NEW
PI533861	NEW
PI533862	NEW
PI533863	NEW
PI533863	SAP
PI533864	NEW
PI533865	NEW
PI533866	NEW
PI533866	SAP
PI533867	NEW
PI533869	SAP
PI533870	NEW
PI533871	SAP
PI533872	NEW
PI533873	NEW
PI533874	NEW
PI533876	NEW
PI533876	SAP
PI533877	NEW
PI533877	SAP
PI533878	SAP
PI533879	NEW
PI533880	NEW
PI533881	NEW
PI533882	SAP
PI533883	NEW
PI533884	NEW
PI533885	NEW
PI533887	NEW
PI533888	NEW
PI533890	NEW
PI533893	NEW
PI533894	NEW
PI533895	NEW
PI533897	NEW
PI533898	NEW
PI533899	NEW
PI533900	NEW
PI533901	SAP
PI533902	NEW
PI533902	SAP
PI533903	SAP
PI533904	NEW
PI533905_1	NEW
PI533905_2	NEW
PI533906	NEW
PI533907	NEW
PI533908	NEW
PI533909	NEW
PI533910	SAP
PI533911	SAP
PI533912	SAP
PI533913	SAP
PI533914	NEW
PI533915	SAP
PI533916	NEW
PI533917	NEW
PI533918	NEW
PI533919	SAP
PI533920	NEW
PI533921	SAP
PI533922	NEW
PI533923	NEW
PI533924	NEW
PI533924	SAP
PI533925	NEW
PI533926	NEW
PI533927	SAP
PI533928	NEW
PI533929	NEW
PI533930	NEW
PI533931	NEW
PI533932	NEW
PI533933	NEW
PI533934	NEW
PI533935	NEW
PI533936	SAP
PI533937	SAP
PI533938	SAP
PI533939	NEW
PI533939	SAP
PI533940	SAP
PI533941	NEW
PI533942	NEW
PI533943	SAP
PI533944	NEW
PI533946	NEW
PI533947	NEW
PI533948	SAP
PI533949	SAP
PI533950	NEW
PI533951	NEW
PI533952	NEW
PI533953	NEW
PI533954	SAP
PI533955	SAP
PI533956	SAP
PI533957	SAP
PI533958	NEW
PI533959	NEW
PI533960	NEW
PI533961	NEW
PI533961	SAP
PI533962	SAP
PI533963	NEW
PI533964	SAP
PI533965	SAP
PI533966	NEW
PI533967	SAP
PI533968	NEW
PI533969	NEW
PI533970	SAP
PI533971	NEW
PI533972	SAP
PI533973	NEW
PI533974	NEW
PI533975	NEW
PI533976	SAP
PI533977	NEW
PI533978	NEW
PI533979	SAP
PI533980	SAP
PI533981	NEW
PI533982	NEW
PI533983	NEW
PI533984	NEW
PI533985	SAP
PI533986	SAP
PI533987	SAP
PI533988	NEW
PI533989	SAP
PI533990	NEW
PI533991	SAP
PI533992	NEW
PI533993	NEW
PI533994	NEW
PI533995	NEW
PI533996	SAP
PI533997	SAP
PI533999	NEW
PI534001	NEW
PI534002	NEW
PI534004	NEW
PI534005	NEW
PI534006	NEW
PI534007	NEW
PI534008	NEW
PI534009	SAP
PI534010	NEW
PI534011	NEW
PI534013	NEW
PI534014	NEW
PI534015	NEW
PI534016	NEW
PI534017	NEW
PI534018	NEW
PI534019	NEW
PI534020	NEW
PI534021	SAP
PI534022	NEW
PI534023	NEW
PI534024	NEW
PI534025	NEW
PI534026	NEW
PI534027	NEW
PI534028	SAP
PI534030	NEW
PI534031	NEW
PI534032	NEW
PI534033	NEW
PI534034	NEW
PI534035	NEW
PI534036	NEW
PI534037	SAP
PI534038	NEW
PI534040	NEW
PI534041	NEW
PI534042	NEW
PI534043	NEW
PI534044	NEW
PI534045	NEW
PI534046	SAP
PI534047	SAP
PI534049	NEW
PI534050	NEW
PI534051	NEW
PI534052	NEW
PI534053	SAP
PI534054	SAP
PI534055	NEW
PI534057	NEW
PI534058	NEW
PI534059	NEW
PI534060	NEW
PI534061	NEW
PI534062	NEW
PI534063	NEW
PI534063	SAP
PI534065	NEW
PI534066	NEW
PI534067	NEW
PI534069	NEW
PI534070	SAP
PI534072	NEW
PI534073	NEW
PI534074	NEW
PI534075	SAP
PI534076	NEW
PI534077	NEW
PI534078	NEW
PI534079	SAP
PI534080	NEW
PI534081	NEW
PI534082	NEW
PI534083	NEW
PI534084	NEW
PI534085	NEW
PI534086	NEW
PI534087	NEW
PI534088	SAP
PI534089	NEW
PI534090	NEW
PI534091	NEW
PI534092	SAP
PI534093	NEW
PI534094	NEW
PI534096	SAP
PI534097	SAP
PI534098	NEW
PI534099	SAP
PI534100	NEW
PI534101	NEW
PI534101	SAP
PI534102	NEW
PI534103	NEW
PI534105	SAP
PI534106	NEW
PI534107	NEW
PI534108	NEW
PI534108	SAP
PI534109	NEW
PI534110	NEW
PI534111	NEW
PI534112	NEW
PI534112	SAP
PI534113	NEW
PI534114	SAP
PI534115	SAP
PI534116	SAP
PI534117	SAP
PI534118	NEW
PI534119	NEW
PI534120	NEW
PI534121	NEW
PI534122	NEW
PI534123	NEW
PI534123	SAP
PI534124	NEW
PI534124	SAP
PI534125	NEW
PI534126_1	NEW
PI534126_2	NEW
PI534127	NEW
PI534127	SAP
PI534128	SAP
PI534130	NEW
PI534131	NEW
PI534132	NEW
PI534132	SAP
PI534133	SAP
PI534134	NEW
PI534135	SAP
PI534136	NEW
PI534137	SAP
PI534138	SAP
PI534139	SAP
PI534140	NEW
PI534141	NEW
PI534142	NEW
PI534143	NEW
PI534144	NEW
PI534144	SAP
PI534145	NEW
PI534145	SAP
PI534146	NEW
PI534147	NEW
PI534148	NEW
PI534148	SAP
PI534149	NEW
PI534150	NEW
PI534151	NEW
PI534152	NEW
PI534153	NEW
PI534154	NEW
PI534155	SAP
PI534156	NEW
PI534157	NEW
PI534157	SAP
PI534158	NEW
PI534159	NEW
PI534160	NEW
PI534162	NEW
PI534163	SAP
PI534164	NEW
PI534165	NEW
PI534166	NEW
PI534167	SAP
PI540816	SAP
PI542406	SAP
PI542718	SAP
PI548797	SAP
PI552856	SAP
PI552861	SAP
PI561071	SAP
PI561072	SAP
PI561073	SAP
PI561472	NEW
PI561472	SAP
PI562730	SAP
PI564163	SAP
PI564164	SAP
PI564165	SAP
PI565121	SAP
PI566819	SAP
PI576130	NEW
PI576130	SAP
PI576328	NEW
PI576329	NEW
PI576330	NEW
PI576331	NEW
PI576332	SAP
PI576333	SAP
PI576334	NEW
PI576335	NEW
PI576337	NEW
PI576337	SAP
PI576338	NEW
PI576339	SAP
PI576340	SAP
PI576341	NEW
PI576342	NEW
PI576343	NEW
PI576345	SAP
PI576346	NEW
PI576347	NEW
PI576347	SAP
PI576348	NEW
PI576348	SAP
PI576349	SAP
PI576350	SAP
PI576351	NEW
PI576352	SAP
PI576353	NEW
PI576354	NEW
PI576355	NEW
PI576357	NEW
PI576358	NEW
PI576359	SAP
PI576360	NEW
PI576361	NEW
PI576362	NEW
PI576363	NEW
PI576364	SAP
PI576366	SAP
PI576368	NEW
PI576369	NEW
PI576370	NEW
PI576371	NEW
PI576372	NEW
PI576373	SAP
PI576374	NEW
PI576375	SAP
PI576376	NEW
PI576376	SAP
PI576377	NEW
PI576378	NEW
PI576379	NEW
PI576380	SAP
PI576381	SAP
PI576382	NEW
PI576383	NEW
PI576385	SAP
PI576386	SAP
PI576387	SAP
PI576389	NEW
PI576390	SAP
PI576391	SAP
PI576392	NEW
PI576393	NEW
PI576393	SAP
PI576394	NEW
PI576394	SAP
PI576395	NEW
PI576396	SAP
PI576397	NEW
PI576398	NEW
PI576399	SAP
PI576400	NEW
PI576401	SAP
PI576402	NEW
PI576403	NEW
PI576404_1	NEW
PI576404_2	NEW
PI576405	NEW
PI576406	NEW
PI576407	NEW
PI576408	NEW
PI576409	NEW
PI576410	NEW
PI576411_1	NEW
PI576411_2	NEW
PI576412	NEW
PI576413	NEW
PI576414	NEW
PI576415	NEW
PI576416	NEW
PI576416_1	NEW
PI576417	NEW
PI576418	SAP
PI576419	NEW
PI576420	NEW
PI576421	NEW
PI576422	SAP
PI576423	NEW
PI576424	NEW
PI576425	NEW
PI576425	SAP
PI576426	SAP
PI576427	NEW
PI576428	SAP
PI576429	NEW
PI576430	NEW
PI576431	NEW
PI576432	NEW
PI576433	NEW
PI576434	SAP
PI576435	SAP
PI576436	NEW
PI576437	SAP
PI585291	SAP
PI585295	SAP
PI595699	SAP
PI595700	NEW
PI595701	NEW
PI595702	SAP
PI595703	NEW
PI595704	NEW
PI595705	NEW
PI595706	NEW
PI595708	NEW
PI595709	NEW
PI595710	NEW
PI595711	NEW
PI595712	NEW
PI595713	NEW
PI595714	SAP
PI595715	NEW
PI595716	NEW
PI595717	NEW
PI595718	SAP
PI595719	NEW
PI595720	SAP
PI595721	NEW
PI595722	NEW
PI595723	NEW
PI595724	NEW
PI595725	NEW
PI595726	NEW
PI595727	NEW
PI595728	NEW
PI595729	NEW
PI595730	NEW
PI595731	NEW
PI595732	NEW
PI595733	NEW
PI595734	NEW
PI595735	NEW
PI595736	NEW
PI595737	NEW
PI595738	NEW
PI595739	SAP
PI595740	NEW
PI595740	SAP
PI595741	SAP
PI595742	NEW
PI595743	NEW
PI595743	SAP
PI595744	SAP
PI595745	SAP
PI595746	NEW
PI595747	NEW
PI595748	NEW
PI597943	NEW
PI597944	NEW
PI597945	NEW
PI597945	SAP
PI597946	SAP
PI597947	NEW
PI597949	SAP
PI597950	NEW
PI597950	SAP
PI597951	SAP
PI597952	NEW
PI597952	SAP
PI597953	NEW
PI597955	NEW
PI597956	NEW
PI597957	NEW
PI597957	SAP
PI597958	SAP
PI597959	NEW
PI597960	SAP
PI597961	SAP
PI597962	NEW
PI597963	NEW
PI597964	SAP
PI597965	SAP
PI597966	SAP
PI597967	SAP
PI597968	SAP
PI597970	NEW
PI597971	SAP
PI597972	SAP
PI597973	SAP
PI597974	NEW
PI597975	NEW
PI597976	SAP
PI597977	NEW
PI597978	NEW
PI597979	NEW
PI597980	SAP
PI597981	NEW
PI597982	SAP
PI598069	SAP
PI598070	NEW
PI598070	SAP
PI601816	SAP
PI607931	SAP
PI609456	SAP
PI613536	SAP
PI629034	SAP
PI629040	SAP
PI629059	SAP
PI641824	NEW
PI641824	SAP
PI641836	SAP
PI641849	SAP
PI641874	NEW
PI641874	SAP
PI642791	SAP
PI642793	SAP
PI642992	SAP
PI642998	SAP
PI651492	SAP
PI651496	SAP
PI653616	SAP
PI653617	NEW
PI653617	SAP
PI655970	SAP
PI655971	SAP
PI655972	SAP
PI655973	NEW
PI655973	SAP
PI655974	SAP
PI655975	SAP
PI655976	SAP
PI655977	SAP
PI655978	SAP
PI655979	SAP
PI655980	SAP
PI655981	SAP
PI655982	SAP
PI655983	SAP
PI655984	SAP
PI655985	SAP
PI655986	SAP
PI655987	SAP
PI655988	SAP
PI655989	SAP
PI655990	SAP
PI655991	NEW
PI655991	SAP
PI655992	NEW
PI655992	SAP
PI655993	SAP
PI655994	SAP
PI655995	SAP
PI655996	SAP
PI655997	SAP
PI655998	NEW
PI655998	SAP
PI655999	SAP
PI656000	SAP
PI656001	SAP
PI656002	SAP
PI656003	SAP
PI656004	SAP
PI656005	SAP
PI656006	SAP
PI656007	SAP
PI656008	SAP
PI656009	SAP
PI656010	SAP
PI656011	SAP
PI656012	SAP
PI656013	SAP
PI656014	SAP
PI656015	SAP
PI656016	SAP
PI656017	SAP
PI656018	SAP
PI656019	SAP
PI656020	SAP
PI656021	SAP
PI656022	NEW
PI656022	SAP
PI656023	SAP
PI656024	SAP
PI656025	SAP
PI656026	NEW
PI656026	SAP
PI656027	SAP
PI656028	SAP
PI656029	SAP
PI656031	SAP
PI656032	SAP
PI656033	SAP
PI656034	NEW
PI656034	SAP
PI656035	SAP
PI656036	SAP
PI656037	SAP
PI656038	NEW
PI656038	SAP
PI656039	NEW
PI656039	SAP
PI656040	SAP
PI656041	SAP
PI656042	SAP
PI656043	SAP
PI656044	SAP
PI656046	SAP
PI656047	SAP
PI656048	SAP
PI656049	NEW
PI656049	SAP
PI656050	SAP
PI656051	SAP
PI656052	NEW
PI656052	SAP
PI656053	SAP
PI656054	SAP
PI656055	SAP
PI656056	SAP
PI656057	NEW
PI656057	SAP
PI656058	SAP
PI656059	SAP
PI656060	SAP
PI656061	SAP
PI656062	SAP
PI656063	SAP
PI656064	SAP
PI656065	SAP
PI656066	SAP
PI656067	SAP
PI656068	SAP
PI656069	SAP
PI656070	SAP
PI656071	SAP
PI656072	SAP
PI656073	NEW
PI656073	SAP
PI656074	SAP
PI656075	SAP
PI656076	SAP
PI656077	NEW
PI656077	SAP
PI656078	SAP
PI656079	SAP
PI656080	SAP
PI656081	NEW
PI656081	SAP
PI656082	NEW
PI656082	SAP
PI656083	NEW
PI656083	SAP
PI656085	NEW
PI656085	SAP
PI656086	SAP
PI656087	SAP
PI656088	SAP
PI656089	SAP
PI656090	SAP
PI656091	NEW
PI656091	SAP
PI656092	SAP
PI656093	NEW
PI656093	SAP
PI656094	NEW
PI656094	SAP
PI656095	SAP
PI656096	SAP
PI656097	SAP
PI656098	SAP
PI656099	SAP
PI656100	SAP
PI656101	SAP
PI656102	SAP
PI656103	SAP
PI656104	NEW
PI656104	SAP
PI656105	SAP
PI656106	SAP
PI656107	NEW
PI656107	SAP
PI656108	SAP
PI656109	SAP
PI656110	SAP
PI656111	SAP
PI656112	SAP
PI656113	SAP
PI656114	SAP
PI656115	SAP
PI656116	SAP
PI656118	SAP
PI656119	NEW
PI656119	SAP
PI656120	SAP
PI656121	SAP
PI659691	NEW
PI659691	SAP
PI659694	SAP
PI659695	SAP
PI659696	SAP
PI659753	SAP
SC0003	NEW
SC0027	NEW
SC0041	NEW
SC0092	NEW
SC0138	NEW
SC0150	NEW
SC0156	NEW
SC0157	NEW
SC0159	NEW
SC0178	NEW
SC0179	NEW
SC0191	NEW
SC0201	NEW
SC0235	NEW
SC0236	NEW
SC0247	NEW
SC0249	NEW
SC0263	NEW
SC0266	NEW
SC0276	NEW
SC0287	NEW
SC0297	NEW
SC0314	NEW
SC0343	NEW
SC0371	NEW
SC0400	NEW
SC0409	NEW
SC0412	NEW
SC0436	NEW
SC0438	NEW
SC0445	NEW
SC0448	NEW
SC0456	NEW
SC0458	NEW
SC0463	NEW
SC0470	NEW
SC0479	NEW
SC0505	NEW
SC0517	NEW
SC0521	NEW
SC0540	NEW
SC0542	NEW
SC0547	NEW
SC0550	NEW
SC0551	NEW
SC0556	NEW
SC0581	NEW
SC0582	NEW
SC0602	NEW
SC0604	NEW
SC0615	NEW
SC0616	NEW
SC0618	NEW
SC0631	NEW
SC0636	NEW
SC0652	NEW
SC0685	NEW
SC0713	NEW
SC0741	NEW
SC0747	NEW
SC0753	NEW
SC0759	NEW
SC0777	NEW
SC0814	NEW
SC0823	NEW
SC0834	NEW
SC0837	NEW
SC0847	NEW
SC0848	NEW
SC0854	NEW
SC0858	NEW
SC0860	NEW
SC0864	NEW
SC0868	NEW
SC0870	NEW
SC0871	NEW
SC0877	NEW
SC0878	NEW
SC0893	NEW
SC0895	NEW
SC0914	NEW
SC0921	NEW
SC0923	NEW
SC0965	NEW
SC0999	NEW
SC1021	NEW
SC1023	NEW
SC1024	NEW
SC1058	NEW
SC1082	NEW
SC1097	NEW
SC1107	NEW
SC1114	NEW
SC1119	NEW
SC1120	NEW
SC1133	NEW
SC1166	NEW
SC1170	NEW
SC1178	NEW
SC1193	NEW
SC1216	NEW
SC1442	NEW
SC1446	NEW
