BTx643	20305505	516857	67881	393463
BTx645	25168456	417868	67226	325916
ExPVP_PI543243	25426486	1560351	536285	1425038
ExPVP_PI543247	27017758	836775	364570	812277
ExPVP_PI544069	26263958	1246624	450286	1149690
ExPVP_PI554646	26909799	1156911	408460	1064947
ExPVP_PI554647	26354771	1238929	447486	1144307
ExPVP_PI554648	27355042	970738	366352	906668
ExPVP_PI554649	25827297	1462935	498980	1333686
ExPVP_PI554650	26142998	1366679	506007	1272942
ExPVP_PI554652	26796865	1149684	403066	1057523
ExPVP_PI554654	26154685	1164289	397117	1057901
ExPVP_PI555457	27578761	901252	330092	835983
ExPVP_PI561926	25683997	1493813	537709	1380993
ExPVP_PI562621	26338240	1232801	574232	1221596
ExPVP_PI562622	26595611	1159572	420022	1069241
ExPVP_PI562623	26372117	1141411	415696	1051414
ExPVP_PI562624	26542593	1164621	466946	1104871
ExPVP_PI562625	26675703	1124313	368126	1014587
ExPVP_PI564085	25979018	1399013	464598	1267420
ExPVP_PI574398	25055586	1681510	635139	1575043
ExPVP_PI574406	26805931	929019	318952	844275
ExPVP_PI574407	24206031	1942091	758006	1828945
ExPVP_PI594354	26210485	1349112	471560	1238129
ExPVP_PI594355	27585082	902525	333205	839548
ExPVP_PI595221	25688319	1487804	511629	1353322
ExPVP_PI596332	26995474	1108719	384314	1018749
ExPVP_PI596567	25734937	1358656	442541	1218777
ExPVP_PI601264	25686063	1412737	502144	1298009
ExPVP_PI601415	25509168	1457806	523116	1342380
ExPVP_PI601552	25634331	531335	3324717	2579873
ExPVP_PI601553	24704485	1308432	439323	1182243
ExPVP_PI601554	26018985	1186515	436321	1099959
ExPVP_PI601555	25102437	1160683	350786	1028474
ExPVP_PI601556	24588953	1634538	577727	1500202
ExPVP_PI601557	25941386	1386929	478464	1265525
ExPVP_PI601716	23375118	1474400	563195	1382812
ExPVP_PI601717	25118426	1230660	382444	1094935
ExPVP_PI601718	26180302	973584	283375	849966
ExPVP_PI601719	26613420	1131842	423497	1055777
ExPVP_PI601720	26570893	993721	281721	860649
ExPVP_PI601721	26151581	1098050	357138	985625
ExPVP_PI601743	23969797	1570657	568984	1451813
ExPVP_PI601744	24613364	1427860	433207	1259453
ExPVP_PI601756	25175825	1501422	500879	1356244
ExPVP_PI602599	27267311	945443	325709	860941
ExPVP_PI602600	25901743	1118451	340837	981938
PI152651	25202641	1389871	429101	1228474
PI153844	20517672	1206267	177136	924761
PI153846	22437354	778330	259621	693659
PI17548	21306501	1433893	230393	1116011
PI22326	21962192	1131641	194077	888004
PI24969	24486024	1635993	638715	1543789
PI276837	26256778	1186048	422024	1081248
PI329435	27670380	723879	329466	715152
PI329440	26020770	1264845	487587	1185735
PI34911	22517509	1187622	196820	928910
PI35038	26255073	1132479	440251	1063361
PI48770	23302396	812285	128836	627411
PI533745	14413347	766478	111150	587269
PI533746	20200411	1451044	227866	1123828
PI533747	17594620	1077470	157679	827742
PI533749	15942353	884826	132273	678740
PI533750	21781274	1472699	227608	1139075
PI533751	23032464	1058586	214465	856247
PI533752	25739451	1331420	508559	1249610
PI533753	19029300	992878	157079	770068
PI533754	24806018	1483576	583311	1397945
PI533755	25482441	1357707	600686	1327370
PI533756	23580770	956707	161049	745646
PI533757	26365935	1148042	475876	1108269
PI533758	26377733	1118335	449359	1069902
PI533759	26663393	1109737	369745	1007797
PI533760	25761024	1234034	463674	1154614
PI533761	26431548	1114702	403022	1035852
PI533762	22973624	1113036	177926	867540
PI533763	22014862	1315087	210890	1025926
PI533764	12591581	627901	99992	487083
PI533765	14557704	787458	119170	607861
PI533766	25512464	1412817	552196	1336976
PI533768	22998310	1211972	213813	956768
PI533769	25639395	1301925	486461	1216506
PI533770	22807240	1280327	212471	1002707
PI533771	22398092	1247119	191383	966353
PI533772	20498181	1311602	195192	1011646
PI533774	21974853	1235891	185578	953916
PI533775	20201583	1132818	179033	878224
PI533776	25443486	1400841	550242	1328676
PI533777	17172938	987610	127772	748724
PI533778	22580316	1324416	210008	1033696
PI533779	19076694	1118963	167513	860485
PI533780	21883407	1470049	227116	1138713
PI533781	21980078	1402326	232707	1097886
PI533782	22180389	1130174	183145	880070
PI533783	22517035	1325795	207138	1030066
PI533784	21489153	1256343	217877	991399
PI533785	24629806	1556743	688320	1525317
PI533786	22041490	1416460	213411	1090945
PI533787	22102120	1167030	185351	908929
PI533788	24651681	1551583	673069	1509822
PI533789	26186258	1225754	439891	1133911
PI533790	21968066	1438919	241275	1128748
PI533791	21474155	1414647	231859	1106684
PI533792	25558808	1340967	446229	1212678
PI533793	23271375	993272	164403	777942
PI533794	26537333	1135285	443973	1075558
PI533795	21603689	1518805	249744	1185651
PI533797	21941119	1508764	238305	1170884
PI533798	22460875	915714	137107	705836
PI533799	26603488	1102799	427303	1040432
PI533800	25989870	1218277	478839	1152334
PI533802	22830608	984930	157671	769903
PI533803	21484341	1388685	212427	1075455
PI533804	18564467	1078296	158467	829826
PI533807	25337991	1386926	542344	1312431
PI533808	21207208	1076535	161283	831221
PI533809	21310516	1355420	219405	1056933
PI533810	24859175	1559666	609188	1475568
PI533811	22385352	1202839	211950	952083
PI533812	20180697	1182911	185285	919018
PI533813	20847059	1400215	227954	1093027
PI533814	24775926	1572694	684995	1539397
PI533816_1	21759292	1502224	258095	1181114
PI533816_2	21167619	1439411	234254	1121749
PI533818	18493478	1072032	139658	812894
PI533819	21968538	1009398	693783	1142145
PI533820	14234018	677271	107696	524443
PI533821	26763173	1198951	430414	1107933
PI533822	25721495	1337796	579736	1304912
PI533823	19490585	1085549	166436	840917
PI533824	24680795	1682471	612761	1558229
PI533825	21286234	1281072	206307	997996
PI533828	22675639	1379526	216722	1071451
PI533829	20414409	1245512	168963	948147
PI533830	19360001	919093	122004	697854
PI533831	25881399	1236141	521738	1197189
PI533832	23540482	1098470	185454	865082
PI533833	20316354	1279967	182045	979679
PI533834	19996057	844524	115341	644646
PI533835	18995085	733037	108216	565848
PI533836	18435987	888746	120772	676266
PI533837	20803727	866383	120695	662578
PI533838	25175240	1420511	659422	1419033
PI533839	22437804	2522285	1096256	2439820
PI533840	21477255	1278523	183506	982449
PI533841	22165679	914134	142716	704348
PI533842	25319083	1493766	592440	1420761
PI533843	25554033	1489459	685322	1475281
PI533844	17559899	876421	125846	670064
PI533846	14805909	790408	119094	610721
PI533847	16691016	735631	108444	564913
PI533848	9304035	478920	75385	371857
PI533849	22163075	1196303	202312	940324
PI533850	16136233	795712	112239	608281
PI533851	19140133	1101630	164926	847350
PI533852	21914605	1268609	184794	976110
PI533853	16063960	891217	110387	669987
PI533854	17730108	991896	156686	769524
PI533855	21854024	1044539	165599	808877
PI533856	21574859	1293869	204482	1003773
PI533857	20992962	1271254	186395	978800
PI533858	22213684	1201216	174707	924213
PI533859	17936795	1004876	135465	765280
PI533860	22513268	1012312	161549	788979
PI533861	20006909	1012874	129961	766032
PI533862	20890777	1718900	296404	1350987
PI533863	22891348	1075223	171252	833992
PI533864	21247556	1049268	150317	805485
PI533866	21608485	1280546	251638	1026200
PI533867	16586290	809632	106064	614212
PI533869	25445543	1333181	523223	1257257
PI533870	22065757	1348174	205462	1042388
PI533871	25471217	1457947	466994	1306549
PI533872	21514412	1381054	228477	1078164
PI533873	18216684	974917	131529	740717
PI533874	21846332	1303862	197016	1007058
PI533876	22398886	1295176	200290	1003255
PI533877	20504439	1302136	179005	991766
PI533878	25037227	1453900	586482	1386150
PI533879	16436646	984467	134586	748919
PI533880	20379220	1161336	161951	886493
PI533881	21353032	1368938	206260	1056076
PI533882	24628127	1654568	605439	1529041
PI533884	21600489	1301767	194583	1003839
PI533885	21504029	1313644	195263	1012293
PI533887	19169347	1144330	165146	877617
PI533888	23236074	1128910	189811	885714
PI533893	18992167	1014923	130972	768009
PI533894	20741993	1247434	173135	954140
PI533895	19209465	968979	137168	743142
PI533897	22473544	1209999	222287	962182
PI533898	22243787	1339322	217787	1047036
PI533899	21910905	1322626	196374	1018624
PI533900	22454379	1316652	222608	1034813
PI533901	25993539	1239743	524212	1194558
PI533902	19118173	1563309	221205	1191171
PI533903	23966557	1912780	757071	1811896
PI533904	21055378	1704880	283715	1332987
PI533905_1	21563166	1354879	207703	1047109
PI533905_2	21743881	1375365	214585	1065922
PI533906	15661450	938596	125864	712121
PI533907	21069587	1574437	262850	1231418
PI533908	20850940	1752843	275302	1358745
PI533909	19059500	862128	131301	667480
PI533910	26084796	1235805	589183	1247628
PI533911	25721094	1250077	565591	1233184
PI533912	25577457	1330257	557525	1285368
PI533913	25312591	1471077	595924	1400591
PI533914	23183425	1066691	177667	834063
PI533915	25602261	1313864	460037	1198601
PI533916	22265490	1376192	221639	1070876
PI533917	21576314	1408616	209763	1085290
PI533918	22830411	995994	161106	778607
PI533919	24397553	1703940	678672	1615291
PI533920	17997066	1254995	166930	950729
PI533921	24455595	1654127	629644	1542435
PI533922	20110855	1527024	238833	1183431
PI533923	14668999	662818	95944	508812
PI533924	20039399	1578580	236615	1213022
PI533925	21062040	1522169	240650	1180651
PI533926	22191718	811351	121463	623166
PI533927	24830507	1614225	675124	1551717
PI533928	21251358	855777	125735	656231
PI533929	23201204	1045031	186730	821938
PI533930	22847682	1104208	194627	875362
PI533931	21554731	1359165	210425	1053795
PI533932	20910234	1205095	179505	927599
PI533934	14340261	689139	112162	537109
PI533935	16771603	1041419	147282	795637
PI533936	26668608	1127022	456233	1073091
PI533937	26741239	1087553	454782	1044909
PI533938	24783783	1373514	528714	1284939
PI533939	22524538	1057260	156325	814059
PI533940	26459795	1176441	418650	1077345
PI533941	17389011	780626	106380	592002
PI533942	17516691	1063454	151775	814989
PI533943	25101899	1445387	603453	1392495
PI533944	20963324	1388833	232605	1089726
PI533946	14002072	598981	91444	462279
PI533947	17169726	1009169	142160	772640
PI533948	27393416	831023	362132	808493
PI533949	26451895	1134865	415075	1055220
PI533950	13983319	792079	102940	600686
PI533951	21330634	1307273	196688	1009317
PI533952	23287580	952747	173146	755019
PI533953	13300838	441133	66981	339193
PI533954	26096977	1275129	597791	1274862
PI533955	26635369	1107580	439643	1046970
PI533956	25764288	1368220	476367	1247768
PI533957	25777152	1510376	629429	1454266
PI533958	15647454	1175793	153971	889178
PI533959	22436266	1040750	231238	855635
PI533960	22071563	1094883	158213	841459
PI533961	22259799	1194407	188098	925937
PI533962	26321342	1154978	450642	1093715
PI533963	22939578	898105	142744	697270
PI533964	25739583	1290133	476673	1202191
PI533965	25510630	1356548	577604	1311983
PI533966	23170831	1052779	164285	816204
PI533967	25845657	1280214	557655	1247364
PI533968	18667778	834538	118245	639789
PI533969	22994410	998394	160252	780317
PI533970	26173036	1261684	516027	1208804
PI533971	20401345	862912	132827	667472
PI533972	26214242	1170185	437874	1094486
PI533973	22909737	1061865	173640	832687
PI533974	24466522	1018628	172456	803616
PI533975	23856074	942502	147930	728378
PI533976	26309071	1119739	509104	1108998
PI533977	21014311	972312	153076	756264
PI533978	18212036	913311	118749	691949
PI533979	26802023	1019691	455910	998216
PI533980	26029179	1262614	496275	1198196
PI533981	24050409	854014	149035	669299
PI533982	23759360	948572	153608	737687
PI533983	22201667	962662	155531	751832
PI533984	23270044	1094200	178304	855529
PI533985	25894093	1276714	458292	1177799
PI533986	26330444	1163471	404434	1066678
PI533987	26174775	1215195	397332	1095877
PI533988	13117287	495268	71487	380599
PI533989	26364779	1124021	544698	1134604
PI533990	13624314	571731	83152	440633
PI533991	26274194	1086243	451530	1050049
PI533992	18934949	940861	122470	712320
PI533993	23504945	1174905	194669	921921
PI533994	23872953	1014637	171198	797521
PI533995	21042870	964817	128565	733330
PI533996	27016701	984508	431042	965463
PI533997	25328206	1384400	610727	1351526
PI533999	23521796	1487372	229590	1150327
PI534001	21723653	1134722	163811	870679
PI534002	19093103	940239	126954	716368
PI534004	20526067	1275278	187668	979350
PI534005	22218328	1307789	231392	1036081
PI534006	16955605	884935	118518	672735
PI534007	22368988	1299410	216238	1018026
PI534008	21668485	1192582	192454	928671
PI534009	25550983	1410014	625986	1387678
PI534010	13389251	708918	108348	548806
PI534011	16352129	918670	137045	707169
PI534013	17529263	1009299	145972	775706
PI534014	17956006	1112273	152198	847044
PI534015	21705612	1330938	204448	1031027
PI534016	18983470	1081783	154689	829765
PI534017	15721465	838625	120929	643163
PI534019	21693916	1326742	231764	1047667
PI534020	21528003	1230705	181910	946970
PI534021	25461813	1492492	603802	1428367
PI534022	16031022	921909	122045	700243
PI534023	21261769	1401502	227667	1094412
PI534024	21648270	1138156	751384	1266024
PI534025	21243223	1400934	222625	1090923
PI534026	17642364	1043065	128697	784375
PI534027	21334721	1412009	228262	1102407
PI534028	25269259	1592989	692019	1553665
PI534030	20592965	1493627	223094	1148459
PI534031	15838435	745069	114159	575595
PI534032	20732837	1253994	179499	962200
PI534033	21140317	1280565	194854	987495
PI534034	20972836	1386253	205555	1066715
PI534035	21846222	1203936	195885	937364
PI534036	19604882	1216796	179635	936744
PI534037	25484131	1553979	626479	1482163
PI534038	22815710	1109020	174883	862988
PI534040	22589859	1186116	218154	941052
PI534041	23101546	1322811	228425	1040806
PI534042	17854578	792104	108622	603787
PI534043	22457731	933432	166252	739611
PI534044	20943564	906209	132188	696173
PI534045	22862837	998373	161146	778867
PI534046	25666324	1290708	534889	1243214
PI534047	26532164	1189803	465784	1128262
PI534049	23277912	1047990	176736	824882
PI534050	22718620	1071042	180384	840591
PI534051	23353356	1219972	215490	963701
PI534052	23593824	838870	128862	648699
PI534053	25872149	1405826	566300	1339927
PI534054	26828487	1109167	484356	1086998
PI534055	21856200	1442162	252094	1135540
PI534057	20310403	1211172	168506	923892
PI534058	22497627	1294612	206075	1010003
PI534059	21172488	1191679	164147	910433
PI534060	13820679	721970	95530	550087
PI534061	19126296	865638	126607	665967
PI534062	17030710	1185635	160316	899596
PI534063	22850596	989792	159461	769482
PI534065	21337535	1472205	239048	1147166
PI534066	22048382	1447887	226558	1122721
PI534067	21456033	1436908	232041	1118658
PI534069	21805565	1421519	233224	1111348
PI534070	25779798	1393668	472754	1268282
PI534072	22039844	1292399	198812	1000654
PI534073	23611004	1073596	175928	840841
PI534074	12690621	661088	91319	504828
PI534075	25281743	1470819	577134	1390773
PI534076	12219178	658796	90642	501708
PI534077	21609607	1354885	214745	1051350
PI534078	22029248	1485168	237142	1156634
PI534079	25071438	1459194	628536	1421445
PI534080	21717292	1391759	217795	1082795
PI534081	14183200	746814	106537	571761
PI534082	22161339	1416047	235458	1106220
PI534083	17714158	975686	135074	744052
PI534084	20453064	1189468	290724	994345
PI534085	21430997	1305371	206357	1014584
PI534086	16583354	908701	121495	689259
PI534087	21986721	1260500	389113	1107312
PI534088	25803164	1466730	542542	1368463
PI534089	21223569	1109529	151361	846106
PI534090	22350718	1337048	223835	1047337
PI534091	22146476	1279686	206075	995412
PI534092	24825203	1492170	756400	1527852
PI534094	19049995	1021871	144587	781289
PI534096	23052411	2324973	901020	2167491
PI534097	25594632	1369792	588281	1324250
PI534098	22300202	1167428	169843	898433
PI534099	26270387	1162744	520903	1149302
PI534100	24454050	853056	138328	664584
PI534101	21114270	1004290	148854	772729
PI534102	23450949	920955	144352	711663
PI534103	21245524	843412	128067	651226
PI534105	26659155	1107704	413058	1032724
PI534106	18842797	957594	129300	728147
PI534107	18831836	652976	94576	500080
PI534108	21322090	819569	121329	631581
PI534109	23495420	1102821	186148	863785
PI534110	10962985	382258	58812	296066
PI534111	22971552	987174	153835	768370
PI534112	21722641	900567	129340	691866
PI534113	23836481	959394	154873	748719
PI534114	26021662	1285425	518403	1226166
PI534115	26633279	1085644	493246	1075843
PI534116	23741701	1888302	723973	1767982
PI534117	25286845	1633968	663542	1557440
PI534118	22078969	1515014	246917	1178227
PI534119	20744598	1137357	185354	886363
PI534120	21463011	1521205	240426	1178205
PI534121	16743495	961044	134803	734181
PI534122	14903688	1078531	138505	814208
PI534123	19815043	1245780	171824	947610
PI534124	21462208	1631087	272060	1274593
PI534126_1	19470348	1492909	206010	1136054
PI534126_2	20450996	1632161	240571	1253305
PI534127	21035430	1575366	241704	1216144
PI534128	24024350	1744712	683188	1640963
PI534130	18297644	990706	134020	752758
PI534131	20499534	1368954	189428	1043201
PI534132	21392249	1269447	190222	977919
PI534133	24254824	1692284	616322	1562609
PI534134	20696418	1639760	243438	1261941
PI534135	24861687	1681533	594519	1538913
PI534136	21698724	1549591	261962	1216141
PI534137	24395777	1641144	581115	1499043
PI534138	25933226	1261914	522020	1213455
PI534139	25635099	1517396	538904	1388999
PI534140	21617016	1033204	169864	810169
PI534141	21996116	1179071	187428	914342
PI534142	23351551	1068250	171809	832417
PI534144	20946556	1220650	184139	938896
PI534145	20858017	1412723	267563	1124862
PI534146	22826710	656361	103907	510457
PI534147	17769255	1065348	139298	806740
PI534148	20830670	1484005	236269	1150818
PI534149	19334010	1473181	212817	1129031
PI534150	20746741	1035254	151153	795352
PI534151	21480939	1555918	248921	1211077
PI534152	10363046	650611	96142	499117
PI534153	22629735	1273399	207217	994050
PI534154	23760255	1038434	179331	822375
PI534155	24515010	1644113	757611	1634517
PI534156	20720885	1506805	232981	1166288
PI534157	22669583	835058	128157	645321
PI534158	21916277	1238521	222126	980359
PI534159	20140968	1422501	203065	1086755
PI534160	23202149	1040703	157575	804052
PI534162	20981729	1483729	224029	1145773
PI534163	26192242	1237873	560734	1224216
PI534164	21845983	1335256	204321	1034144
PI534165	21752275	1004231	155187	778304
PI534166	22098169	1452026	231766	1131929
PI534167	24454727	1589484	618227	1496266
PI540816	25924337	1342013	483411	1237738
PI542406	24752699	1536990	630682	1471150
PI542718	24613219	1703786	534315	1512739
PI548797	25844568	1310297	577873	1280876
PI552856	27640048	705370	272845	663967
PI552861	28218466	719585	313828	700149
PI561071	25655789	1310757	505918	1233604
PI561072	26479226	1066977	376223	979436
PI561073	25555971	1310973	599523	1291632
PI562730	23522492	2010188	727738	1850355
PI564163	30413534	1189	84642	57178
PI564164	25855189	1134786	668142	1225102
PI564165	25933229	1221328	518312	1183714
PI565121	27024415	940635	349937	879072
PI566819	26854377	977007	392612	922548
PI576130	22048272	945894	137669	726147
PI576328	22710142	1441680	243701	1130118
PI576329	24290519	797654	121636	613751
PI576330	21982392	1286117	345955	1095983
PI576332	26579787	1160734	488809	1117624
PI576333	26655112	1044234	426441	997489
PI576334	21972134	1397045	236892	1097884
PI576335	22572333	1100538	277977	922034
PI576337	20606869	1252730	180350	959561
PI576338	20922596	831919	124363	638541
PI576339	26617328	1097862	420613	1025728
PI576340	26714347	1058044	401040	986658
PI576341	22196008	1108063	162731	853301
PI576342	21894902	1355187	214117	1049549
PI576343	21186234	1047133	150612	800309
PI576345	27398656	952825	331041	869348
PI576346	21917314	1241854	186217	960202
PI576347	20674870	1379884	208239	1060062
PI576348	19236882	1846756	284434	1422471
PI576349	22623365	2170409	904634	2078786
PI576350	24630654	1082284	2255903	2248018
PI576351	23684469	1113274	190681	878587
PI576352	26639721	1101034	422395	1030656
PI576354	22515570	1058397	162088	820735
PI576355	15767695	596149	83639	456237
PI576357	21329071	1392769	226242	1083325
PI576358	22611555	1202005	195642	936594
PI576359	25782386	1470127	572175	1386162
PI576360	22585409	1201236	193567	934680
PI576361	21750929	1237494	186181	955400
PI576362	13057373	694487	105143	536021
PI576363	21509364	925318	141242	716360
PI576364	26423450	1226124	470348	1148278
PI576366	25594542	1367380	528629	1291628
PI576368	21756507	1210497	192722	940181
PI576369	23936342	1208424	191707	940620
PI576370	23613480	1218130	195150	952257
PI576371	19842365	881711	122160	674990
PI576372	22616048	1095317	177316	855355
PI576373	26818357	1057602	409463	998333
PI576374	23154223	938798	143919	726747
PI576375	24669923	1560368	577176	1451299
PI576376	20841125	1504602	228937	1159401
PI576377	22419672	1268452	194350	981327
PI576378	21463902	1353073	492022	1238058
PI576379	18367761	1339745	182045	1017783
PI576380	26154641	1194629	439320	1110548
PI576381	24486344	1777780	709695	1684542
PI576382	19352976	1160078	165688	888204
PI576383	22222320	1487854	235731	1156835
PI576385	26083676	1257591	442179	1153115
PI576386	26319545	1227132	426838	1126837
PI576387	26178777	1173854	479085	1128828
PI576389	22711243	1145957	191220	893915
PI576390	25583324	1368718	537655	1293863
PI576391	24354558	1733771	670160	1626991
PI576392	23779428	863455	161106	687376
PI576393	23079565	1125941	274096	942606
PI576394	21065439	1117666	159902	856597
PI576395	22171682	1068569	164130	828573
PI576396	26447475	1196382	478707	1142189
PI576397	24489972	1083289	182803	848010
PI576398	10743788	651033	89264	494478
PI576399	25660497	1351821	512131	1265016
PI576400	20809936	531482	80872	408298
PI576401	24825298	1644806	540282	1480294
PI576402	20200933	1384404	230175	1081723
PI576403	22835588	1371098	226530	1073801
PI576404_1	20704688	1192198	181554	920161
PI576404_2	23064800	1117557	183451	875572
PI576405	22157134	1282399	215970	1004620
PI576406	21950088	1353508	222657	1059841
PI576407	18266513	1195562	168918	911611
PI576408	16610122	750077	109705	574181
PI576409	22484311	1243875	200474	969500
PI576410	15391629	671363	99056	514195
PI576411_1	22055103	1050107	157892	810859
PI576411_2	23746371	1175668	191157	918673
PI576412	17799490	842158	113343	640431
PI576413	22546888	971679	156016	755356
PI576414	19715023	808750	115692	620291
PI576415	22391538	1307292	201188	1013514
PI576416	22827242	1149337	176037	890238
PI576416_1	22714649	1236026	196962	960191
PI576417	22141182	1319027	209945	1029576
PI576418	25247382	1602524	556498	1464458
PI576419	21881561	1300535	195855	1005087
PI576420	18460776	875055	116603	662315
PI576421	23319078	1063084	164368	824452
PI576422	27263878	1008590	412868	964018
PI576423	20366852	1519722	239437	1175639
PI576424	20121041	1518053	227753	1168192
PI576425	21174291	1351487	217031	1052261
PI576426	25222420	1497151	597957	1425069
PI576427	22184246	1362352	211335	1053494
PI576428	26281741	1209963	445978	1125605
PI576429	22026429	1203673	212497	950184
PI576431	20756379	1571199	237762	1209358
PI576432	19624017	1003612	148704	772715
PI576433	22293394	1030448	161539	800751
PI576434	25812008	1295901	559043	1262332
PI576435	25655159	1399170	509767	1293659
PI576436	15545985	604763	87702	462978
PI576437	25457630	1384004	561514	1324031
PI585291	26436405	703119	1749623	1660743
PI585295	25972314	1295419	452678	1189757
PI595699	25026820	1471964	404192	1272440
PI595700	21392946	1343484	229283	1056141
PI595701	23182413	962318	155161	747457
PI595702	26909076	1067428	427799	1013005
PI595703	20326266	1534850	250935	1196543
PI595704	22415552	1481082	243292	1158790
PI595705	20497773	1202235	172658	920370
PI595706	18396740	997765	136215	760562
PI595708	22481140	1209165	215430	957776
PI595709	22736668	1135744	190759	893020
PI595710	21221051	1085952	169910	841272
PI595711	21913924	1162488	205567	918197
PI595712	23446714	1085789	162644	838735
PI595713	21488766	1431414	235173	1114597
PI595714	25617348	1323329	460052	1209927
PI595715	20903022	1288689	214256	1007265
PI595716	21781992	1097335	185705	859119
PI595717	22153684	1013464	160618	786547
PI595718	25130287	1460055	689743	1459988
PI595719	22780101	984788	155629	764135
PI595720	24780563	1560443	540943	1426129
PI595721	21674729	1309643	200862	1013821
PI595722	21365487	1331583	194136	1023011
PI595723	20913347	1464335	227389	1133519
PI595724	21480345	1303426	206178	1014259
PI595725	19209816	921083	124980	700097
PI595726	21226649	1255538	202193	974198
PI595727	21403019	1176623	183441	909670
PI595728	20526617	1432100	218540	1106725
PI595729	22339779	1337177	218808	1045897
PI595730	19606779	1539381	221917	1179351
PI595731	22585197	1246931	201584	970415
PI595732	19881279	716305	98974	547829
PI595733	22770495	1014112	160199	790138
PI595734	23487065	1035564	182165	819120
PI595735	22987917	1113976	199873	885438
PI595736	23284451	1175512	193574	920635
PI595737	24386031	855142	156561	680734
PI595738	20455775	903758	140969	702739
PI595739	26579180	1074338	393506	998719
PI595740	19177710	744486	101894	566395
PI595741	24752226	1588433	548919	1443662
PI595742	17371755	1203265	162217	913107
PI595743	22733738	935381	143925	721812
PI595744	26767757	1028297	342025	930485
PI595745	26350459	1130028	439121	1068945
PI595746	17081223	782512	114751	601407
PI595747	23310729	1171020	189470	912942
PI595748	23142465	1084069	166956	837919
PI597943	22651583	1347731	208704	1046262
PI597944	21979497	1171660	173943	903076
PI597945	22540445	939568	137065	723390
PI597946	25093833	1596549	649847	1517429
PI597947	19723263	694159	104550	534594
PI597949	25562605	1355582	549375	1293360
PI597950	21234190	1163334	194229	908703
PI597951	25108227	1666792	611031	1541605
PI597952	21458397	1163803	189252	907098
PI597953	22754350	1149567	175802	889754
PI597955	20204951	1236772	182235	949971
PI597956	19918948	1128201	157925	860586
PI597957	21871584	1385736	220933	1077428
PI597958	26432107	1233036	519463	1190938
PI597959	22688879	1107568	178331	865261
PI597960	25496063	1449149	529606	1343584
PI597961	25902150	1239719	464939	1161121
PI597962	21677036	806430	123142	624620
PI597963	16584400	693044	99469	531656
PI597964	25907260	1220204	492260	1164212
PI597965	25675969	1331602	505620	1250532
PI597966	26400708	1196128	483299	1139510
PI597967	26981264	999669	408262	960442
PI597968	25027032	1476870	589457	1403885
PI597970	15397961	836452	109906	633042
PI597971	25937804	1299010	467636	1202954
PI597972	25103178	1546185	615261	1467453
PI597973	25244760	1495076	534569	1379089
PI597974	22538184	1323822	208293	1025167
PI597975	16808013	799256	109514	607221
PI597976	25702470	1419743	524910	1321058
PI597977	20491021	1304802	192297	1001502
PI597978	21627612	1091363	158482	837593
PI597979	22664416	1290342	206100	1004136
PI597980	26408864	1144683	428947	1072875
PI597981	20445655	997042	140355	763213
PI597982	25928685	1284911	496673	1210701
PI598069	24646332	1663158	665738	1581620
PI598070	19808781	1588908	260032	1237914
PI601816	27009120	964166	346050	892508
PI607931	27282959	966314	402480	930774
PI609456	21549758	2690797	1154727	2583231
PI613536	25624859	1420218	504873	1307717
PI629034	26050885	1267295	477228	1188272
PI629040	25033665	1431031	620866	1395461
PI629059	27415336	810972	282224	742662
PI641824	22205049	1150633	182041	888763
PI641836	26804799	1034348	429009	991737
PI641849	24828337	1536544	658467	1485418
PI641874	22272164	1048465	173624	813926
PI642791	27058991	998778	353169	916014
PI642793	26860777	1051602	403776	988253
PI642992	25712598	1350153	607031	1330715
PI642998	23221710	2098087	750234	1926003
PI651492	25338757	1364073	524736	1281484
PI651496	26125242	1190194	471653	1130096
PI653616	26117492	1163604	464008	1100440
PI653617	22188931	1399154	238998	1096368
PI655970	27481243	773037	302756	726894
PI655971	24414569	1664104	645658	1567103
PI655972	26563760	1050085	408383	987304
PI655973	22565795	1142389	181256	888357
PI655974	27510297	726316	401311	762855
PI655975	27101295	955618	394226	913341
PI655976	26501756	1074272	440380	1026103
PI655977	26049281	1206308	458970	1129470
PI655978	24618494	1675079	588997	1534528
PI655979	25869402	1308020	507113	1238140
PI655980	24454932	1650156	682343	1579133
PI655981	27613820	674293	415041	736195
PI655982	27924966	669731	259285	632100
PI655983	26912624	1040314	392814	970007
PI655984	24973760	1434600	556818	1345390
PI655985	26292136	1127776	466807	1083073
PI655986	26652847	1058723	385001	980317
PI655987	27554212	774985	305803	732532
PI655988	27975937	760117	357054	755876
PI655989	27755807	713306	318086	698725
PI655990	25347285	1449715	544496	1352763
PI655991	22994635	722516	111556	555767
PI655992	22251031	565538	86646	434634
PI655993	27029489	891124	460529	913961
PI655994	26013978	1115733	757025	1265541
PI655995	23232995	2042525	727371	1872803
PI655996	25127379	1439628	522890	1329375
PI655997	25474445	1363495	500107	1258861
PI655998	23909754	630681	104932	490559
PI655999	23269335	1892938	1022395	1975321
PI656000	29207560	334379	149549	329523
PI656001	26814691	1060435	398179	994067
PI656002	27206545	854345	370673	830456
PI656003	26210680	1223927	483955	1151613
PI656004	25504618	1405361	551422	1326756
PI656005	26385311	1068041	472557	1047372
PI656006	25563567	1362988	468230	1239191
PI656007	26534118	1036148	429454	992946
PI656008	26539244	1071227	426297	1014846
PI656009	26798454	1025427	340681	928101
PI656010	24928979	1402283	817023	1505039
PI656011	25693602	1166315	705759	1269127
PI656012	24256795	1659064	715496	1614388
PI656013	25346594	1075107	1594514	1803763
PI656014	24455750	965746	2450844	2307050
PI656015	25263733	1464671	470736	1312914
PI656016	27405920	770281	295703	723812
PI656017	24849911	1695481	665495	1602051
PI656018	26878889	1062625	421754	1001378
PI656019	27459026	833893	367502	815709
PI656020	26862248	1019286	363809	934194
PI656021	24674583	1506134	842357	1592529
PI656022	21418617	1354161	210119	1046000
PI656023	26766965	1025287	382013	954442
PI656024	26816029	978876	524235	1021615
PI656025	24920239	1625593	744004	1605065
PI656026	23976748	885733	150578	697270
PI656027	25817796	1298174	586138	1280890
PI656028	26260022	1067545	474871	1042485
PI656029	25210361	1359456	587589	1317429
PI656031	26475459	1038278	467209	1023497
PI656032	25502915	795070	2196871	2018248
PI656033	24751868	1683932	678733	1604339
PI656034	23451389	876881	136596	679795
PI656035	25098778	1481116	592476	1409829
PI656036	25709068	1158490	678662	1243845
PI656037	26335679	1110951	551844	1131300
PI656038	23300406	899324	152399	701491
PI656039	23775184	918208	154667	717886
PI656040	25249812	1402592	689298	1414483
PI656041	24843166	1694583	674565	1608151
PI656042	26453558	1076396	581693	1120367
PI656043	26657837	1116694	421373	1044851
PI656044	26977648	982803	330712	893083
PI656046	25129972	1511843	690654	1491564
PI656047	24490418	1549154	822968	1613171
PI656048	28829025	457939	196839	445123
PI656049	21897616	872615	132195	670183
PI656050	25079879	1346360	778150	1445102
PI656051	26269884	1168846	387401	1056975
PI656052	21691052	1117846	174377	866287
PI656053	28290820	551641	322053	592031
PI656054	25392767	1395289	766437	1467272
PI656055	26454887	1024901	573556	1082689
PI656056	26457114	1082133	365140	979422
PI656057	17491838	812896	116623	622431
PI656058	27258414	821027	515343	908782
PI656059	27782283	732302	311034	713105
PI656060	27303533	748485	544472	875594
PI656061	26647977	864892	615508	1014648
PI656062	25899147	1200756	749357	1323015
PI656063	27258006	549435	1087235	1108370
PI656064	24797137	1799548	697277	1694654
PI656065	25370538	1435072	462694	1285433
PI656066	24316278	1671247	706386	1607862
PI656067	24378416	1526623	854775	1613835
PI656068	26860884	878376	489426	927281
PI656069	26341077	997110	686457	1144764
PI656070	26368698	991704	577378	1069089
PI656071	25885223	1346472	580472	1313729
PI656072	24657688	1793330	691907	1680542
PI656073	20257022	1423432	211993	1092215
PI656074	25830400	1278086	720054	1356309
PI656075	26384162	1114512	490623	1091802
PI656076	26219454	1107954	538790	1117100
PI656077	20947801	1221169	161618	926375
PI656078	22564665	2341672	1164398	2363004
PI656079	25596586	1327703	675110	1362400
PI656080	22618809	2490394	1081067	2408974
PI656081	19010462	2132167	359022	1655505
PI656082	21001326	1567384	229735	1201280
PI656083	22277563	877772	129833	675955
PI656085	23346796	1069931	175302	838018
PI656086	25067391	1490090	598513	1416107
PI656087	26073309	1198077	522165	1168407
PI656088	24211771	1645027	809382	1663223
PI656089	25215767	1387309	814695	1499778
PI656090	24510036	1517094	858791	1613530
PI656091	20639595	1488585	232360	1150243
PI656092	25254285	1576955	594173	1468190
PI656093	21861269	1146243	159890	875381
PI656094	22448501	1300308	211709	1013832
PI656095	24710117	1619689	755408	1607744
PI656096	25113615	1549248	589304	1450860
PI656097	25535866	1574554	568819	1456082
PI656098	25956091	1146044	618815	1198619
PI656099	24783296	1543977	771395	1570799
PI656100	24771966	1532856	758663	1554809
PI656101	25889766	1354598	514683	1269496
PI656102	25869518	1280679	507818	1212828
PI656103	25407363	1432046	676181	1433507
PI656104	21739295	1452016	255068	1144424
PI656105	26820161	899931	522683	968730
PI656106	26556337	978610	573456	1055807
PI656107	21546017	1246818	179761	956447
PI656108	25394163	1515169	657266	1481709
PI656109	25027848	1470842	788840	1525841
PI656110	24157368	1738667	1256159	2033004
PI656111	26081321	1333584	540683	1274673
PI656112	26070501	1114385	609527	1171029
PI656114	26109953	938721	1025176	1332889
PI656115	24804827	1461003	700381	1466932
PI656116	25865772	1033092	1216266	1524473
PI656118	26105297	1172673	592653	1200403
PI656119	20536319	1399882	218809	1079834
PI656120	26339952	1113167	565304	1142284
PI656121	25217650	1309932	671746	1347234
PI659691	22172363	1221979	197707	951108
PI659694	25733422	1360857	793263	1461519
PI659695	24332537	1620293	852248	1677427
PI659696	25962995	1222177	624800	1256864
PI659753	24993738	1347332	849139	1486459
SC0003	22835357	1147914	200052	902153
SC0027	15704041	1029314	133794	779374
SC0041	20227684	861302	121542	659943
SC0092	22797268	1164252	193680	911291
SC0138	15796540	1131319	160861	864447
SC0150	21736005	1326762	198264	1021798
SC0156	20630365	1518007	225554	1167704
SC0157	21545950	1187603	174407	912011
SC0159	17320369	1223481	155177	920793
SC0178	16816316	1070049	138166	807433
SC0179	21516424	1136580	175865	879473
SC0191	15782395	850165	112139	644852
SC0201	20725187	1173624	185378	912266
SC0236	18155440	969552	129080	734443
SC0247	22177870	1305812	241685	1038852
SC0249	21556426	1002496	274634	854940
SC0263	18397853	955379	131456	728119
SC0266	21086634	1061380	378346	964133
SC0276	19926613	1302652	178968	991826
SC0287	21548384	1234122	196765	960354
SC0297	22449316	1443738	241025	1132298
SC0314	22245108	824301	129059	637463
SC0343	19908040	1002121	142566	768198
SC0371	15333180	903801	123118	688725
SC0400	19765697	930599	355020	861622
SC0409	21083032	1304321	186388	999387
SC0412	17490503	836989	186545	686936
SC0436	22420387	1236345	219714	976958
SC0445	18134903	993587	151071	766568
SC0448	21279688	1236616	182955	953730
SC0456	23701091	1058472	189610	839304
SC0458	15565882	745583	116270	579672
SC0470	20613818	1112426	174879	866035
SC0479	18651719	1045712	139325	794512
SC0505	20551906	1600711	238136	1232033
SC0517	22065768	1118382	171669	864559
SC0521	22088986	1322583	203105	1025418
SC0540	21852468	1330345	212104	1035001
SC0542	21445087	770540	105596	588426
SC0547	21844607	1185580	661573	1236004
SC0550	18225452	2225028	360484	1719899
SC0551	21933446	1398832	216552	1086481
SC0556	23745789	895991	145612	698125
SC0581	14612163	700525	104242	539662
SC0582	21053657	1218142	175889	932344
SC0602	19517885	884726	119651	672370
SC0604	18082759	539353	84233	416644
SC0615	21623930	1383914	235528	1085429
SC0616	22032065	1369382	216944	1062643
SC0618	22286464	1359981	225063	1063915
SC0631	23702692	822346	137523	640731
SC0636	22636915	1103002	172769	856700
SC0652	18950668	999263	140394	764158
SC0685	20993984	1026852	156411	795036
SC0713	22524974	1164418	193980	912949
SC0741	21605663	1313064	212089	1024346
SC0747	14318135	693021	93534	527159
SC0753	15133968	476934	68888	365257
SC0777	25002229	1071050	182332	844627
SC0814	22001348	1308657	216189	1025573
SC0823	20852378	1593872	256338	1239473
SC0834	20111837	1255884	185400	966407
SC0837	20355403	985371	140758	754275
SC0847	19928195	1275839	173371	969746
SC0848	21343272	1466346	259059	1156817
SC0854	22861210	1176070	172239	902558
SC0858	22890023	1144174	185660	891972
SC0860	11131278	529213	76037	405979
SC0864	22722836	1102975	160551	845728
SC0868	20125301	845718	120356	648299
SC0870	19050659	1170104	173705	900934
SC0871	21729342	1206027	177050	926566
SC0877	21396069	1126071	150239	854431
SC0878	22216852	1198587	185032	925948
SC0893	23638433	1085119	170201	840527
SC0895	22483255	1198544	206128	943332
SC0914	17275893	695077	103065	535006
SC0921	22154514	1237041	184898	953958
SC0923	22666690	1124831	185002	881040
SC0965	22111522	1105804	164687	853469
SC0999	20983026	1624517	257197	1259374
SC1021	21543322	1352788	212786	1050484
SC1023	19435920	1342213	188461	1024288
SC1024	18362549	1227688	174863	939242
SC1058	18399953	1110927	167673	856913
SC1082	20972347	1230894	170277	938018
SC1097	21675664	1260541	207555	985551
SC1107	22229826	1061741	163706	820857
SC1114	22681958	901893	127710	689747
SC1119	21988091	1216610	218754	964527
SC1120	9895560	397041	57686	305741
SC1133	20992786	715388	102823	548001
SC1166	21320727	1400208	211412	1081262
SC1170	22620320	1206270	204213	945652
SC1178	21994701	1134593	178904	881494
SC1193	20788382	1170822	195944	918195
SC1216	21630018	1239811	215085	975612
SC1442	22643595	1178339	211397	930021
SC1446	22762417	1265092	226741	1001795
Wild_PI156549	19549403	867972	2534367	2267312
